trade_date,factor_value,close,signal,period_forward_ret,strategy_period_ret,benchmark_period_ret,strategy_nav,benchmark_nav,holding_period
2019-09-25,,15575.0,0,0.008025682182985605,0.0,0.008025682182985605,1.0,1.0080256821829856,3
2019-09-30,,15700.0,0,0.0041401273885350864,0.0,0.0041401273885350864,1.0,1.0121990369181382,3
2019-10-10,,15765.0,0,-0.020615287028227125,-0.0,-0.020615287028227125,1.0,0.9913322632423757,3
2019-10-15,,15440.0,0,-0.02720207253886009,-0.0,-0.02720207253886009,1.0,0.9643659711075442,3
2019-10-18,,15020.0,0,-0.0029960053262316766,-0.0,-0.0029960053262316766,1.0,0.9614767255216694,3
2019-10-23,,14975.0,0,0.002003338898163509,0.0,0.002003338898163509,1.0,0.9634028892455858,3
2019-10-28,,15005.0,0,-0.0013328890369876945,-0.0,-0.0013328890369876945,1.0,0.9621187800963081,3
2019-10-31,-0.045845272206303744,14985.0,0,-0.005005005005005003,-0.0,-0.005005005005005003,1.0,0.9573033707865168,3
2019-11-05,-0.04880382775119618,14910.0,0,-0.008718980549966449,-0.0,-0.008718980549966449,1.0,0.9489566613162119,3
2019-11-08,-0.061289298189901587,14780.0,0,-0.02841677943166443,-0.0,-0.02841677943166443,1.0,0.9219903691813804,3
2019-11-13,-0.07295029051000645,14360.0,-1,-0.004178272980501441,0.004178272980501441,-0.004178272980501441,1.0041782729805013,0.9181380417335473,3
2019-11-18,-0.03703703703703709,14300.0,0,0.005244755244755206,0.0,0.005244755244755206,1.0041782729805013,0.9229534510433386,3
2019-11-21,-0.0419860046651116,14375.0,0,-0.0003478260869564931,-0.0,-0.0003478260869564931,1.0041782729805013,0.9226324237560192,3
2019-11-26,-0.04359400998336105,14370.0,0,-0.02540013917884476,-0.0,-0.02540013917884476,1.0041782729805013,0.8991974317817014,3
2019-11-29,-0.06633333333333336,14005.0,-1,-0.01106747590146373,0.01106747590146373,-0.01106747590146373,1.0152919918174865,0.8892455858747994,3
2019-12-04,-0.07233757535164098,13850.0,-1,0.006137184115523553,-0.006137184115523553,0.006137184115523553,1.009060957932686,0.8947030497592297,3
2019-12-09,-0.01935256861365231,13935.0,0,0.02152852529601712,0.0,0.02152852529601712,1.009060957932686,0.9139646869983948,3
2019-12-12,-0.009394572025052228,14235.0,0,0.004566210045662045,0.0,0.004566210045662045,1.009060957932686,0.9181380417335473,3
2019-12-17,-0.0055632823365785455,14300.0,0,0.002797202797202747,0.0,0.002797202797202747,1.009060957932686,0.9207062600321027,3
2019-12-20,-0.013076393668272512,14340.0,0,-0.006973500697350032,-0.0,-0.006973500697350032,1.009060957932686,0.9142857142857143,3
2019-12-25,0.0014064697609001975,14240.0,0,-0.005617977528089901,-0.0,-0.005617977528089901,1.009060957932686,0.9091492776886035,3
2019-12-30,0.016511127063890907,14160.0,0,-0.028954802259887003,-0.0,-0.028954802259887003,1.009060957932686,0.8828250401284109,3
2020-01-03,-0.009365994236311237,13750.0,0,0.01563636363636367,0.0,0.01563636363636367,1.009060957932686,0.8966292134831461,3
2020-01-08,-0.0014301036825169477,13965.0,0,0.0046544933762979745,0.0,0.0046544933762979745,1.009060957932686,0.9008025682182986,3
2020-01-13,-0.017162872154115605,14030.0,0,-0.006771204561653588,-0.0,-0.006771204561653588,1.009060957932686,0.8947030497592297,3
2020-01-16,-0.025183630640083998,13935.0,0,-0.005023322569070676,-0.0,-0.005023322569070676,1.009060957932686,0.8902086677367578,3
2020-01-21,-0.03981994459833793,13865.0,0,-0.060223584565452626,-0.0,-0.060223584565452626,1.009060957932686,0.8365971107544142,3
2020-02-03,-0.08689558514365803,13030.0,-1,0.018035303146584747,-0.018035303146584747,0.018035303146584747,0.9908622376629868,0.8516853932584271,3
2020-02-06,-0.07945870922970155,13265.0,-1,0.009800226159065284,-0.009800226159065284,0.009800226159065284,0.981151563641412,0.8600321027287321,3
2020-02-11,-0.035984166966534725,13395.0,0,-0.0074654721911160404,-0.0,-0.0074654721911160404,0.981151563641412,0.8536115569823437,3
2020-02-14,-0.04695340501792111,13295.0,0,-0.009025949605114714,-0.0,-0.009025949605114714,0.981151563641412,0.8459069020866775,3
2020-02-19,-0.04804913294797686,13175.0,0,-0.006831119544592035,-0.0,-0.006831119544592035,0.981151563641412,0.840128410914928,3
2020-02-24,-0.054552023121387294,13085.0,0,-0.030187237294612146,-0.0,-0.030187237294612146,0.981151563641412,0.8147672552166936,3
2020-02-27,-0.08375451263537903,12690.0,-1,-0.0011820330969266601,0.0011820330969266601,-0.0011820330969266601,0.9823113172627373,0.8138041733547353,3
2020-03-03,-0.04303510758776896,12675.0,0,-0.0063116370808679045,-0.0,-0.0063116370808679045,0.9823113172627373,0.8086677367576245,3
2020-03-06,-0.05086661642803314,12595.0,0,-0.017864231838030986,-0.0,-0.017864231838030986,0.9823113172627373,0.7942215088282505,3
2020-03-11,-0.08370370370370372,12370.0,-1,-0.012530315278900583,0.012530315278900583,-0.012530315278900583,0.9946199877700717,0.7842696629213484,3
2020-03-16,-0.08467590857999252,12215.0,-1,-0.022103970528039252,0.022103970528039252,-0.022103970528039252,1.01660503866634,0.7669341894060996,3
2020-03-19,-0.09849056603773587,11945.0,-1,-0.012138970280452077,0.012138970280452077,-0.012138970280452077,1.0289455770176688,0.7576243980738363,3
2020-03-24,-0.09090909090909094,11800.0,-1,0.022881355932203418,-0.022881355932203418,0.022881355932203418,1.005401907035061,0.7749598715890851,3
2020-03-27,-0.03207698476343224,12070.0,0,-0.007042253521126751,-0.0,-0.007042253521126751,1.005401907035061,0.769502407704655,3
2020-04-01,-0.04729729729729726,11985.0,0,0.0054234459741342445,0.0,0.0054234459741342445,1.005401907035061,0.7736757624398074,3
2020-04-07,-0.012295081967213073,12050.0,0,0.03360995850622417,0.0,0.03360995850622417,1.005401907035061,0.7996789727126806,3
2020-04-10,0.015905383360522052,12455.0,0,0.0325170614211161,0.0,0.0325170614211161,1.005401907035061,0.8256821829855538,3
2020-04-15,0.0540983606557377,12860.0,0,0.035769828926905056,0.0,0.035769828926905056,1.005401907035061,0.8552166934189406,3
2020-04-20,0.11138923654568211,13320.0,1,-0.021396396396396344,-0.021396396396396344,-0.021396396396396344,0.9838899292944461,0.8369181380417335,3
2020-04-23,0.0880634390651085,13035.0,1,-0.014576141158419653,-0.014576141158419653,-0.014576141158419653,0.9695486108007026,0.8247191011235955,3
2020-04-28,0.08122895622895632,12845.0,1,0.028804982483456643,0.028804982483456643,0.028804982483456643,0.9974764415516766,0.8484751203852328,3
2020-05-06,0.10539523212045165,13215.0,1,0.03480892924706769,0.03480892924706769,0.03480892924706769,1.0321975284312657,0.8780096308186196,3
2020-05-11,0.12044244162228601,13675.0,1,-0.018647166361974388,-0.018647166361974388,-0.018647166361974388,1.012949969400189,0.8616372391653291,3
2020-05-14,0.07274180655475626,13420.0,0,0.002608047690014992,0.0,0.002608047690014992,1.012949969400189,0.8638844301765651,3
2020-05-19,0.059866089011421764,13455.0,0,-0.024897807506503167,-0.0,-0.024897807506503167,1.012949969400189,0.8423756019261638,3
2020-05-22,0.0069071373752878085,13120.0,0,-0.009146341463414642,-0.0,-0.009146341463414642,1.012949969400189,0.8346709470304976,3
2020-05-27,0.004636785162287493,13000.0,0,0.007307692307692237,0.0,0.007307692307692237,1.012949969400189,0.8407704654895666,3
2020-06-01,0.0262539184952979,13095.0,0,-0.019473081328751474,-0.0,-0.019473081328751474,1.012949969400189,0.8243980738362761,3
2020-06-04,-0.02096835684330922,12840.0,0,0.008177570093457875,0.0,0.008177570093457875,1.012949969400189,0.8311396468699839,3
2020-06-09,-0.036471901749162594,12945.0,0,-0.01390498261877171,-0.0,-0.01390498261877171,1.012949969400189,0.8195826645264846,3
2020-06-12,-0.0431034482758621,12765.0,0,-0.003525264394829586,-0.0,-0.003525264394829586,1.012949969400189,0.8166934189406099,3
2020-06-17,-0.04932735426008972,12720.0,0,0.03812893081761004,0.0,0.03812893081761004,1.012949969400189,0.8478330658105938,3
2020-06-22,-0.003772161448510003,13205.0,0,-0.0034078000757289395,-0.0,-0.0034078000757289395,1.012949969400189,0.8449438202247189,3
2020-06-29,0.013867488443759735,13160.0,0,0.0037993920972645423,0.0,0.0037993920972645423,1.012949969400189,0.8481540930979132,3
2020-07-02,0.012648524338827238,13210.0,0,0.015518546555639556,0.0,0.015518546555639556,1.012949969400189,0.8613162118780094,3
2020-07-07,0.03590733590733586,13415.0,0,-0.000745434215430496,-0.0,-0.000745434215430496,1.012949969400189,0.8606741573033706,3
2020-07-10,0.03834237025561582,13405.0,0,0.011189854531891141,0.0,0.011189854531891141,1.012949969400189,0.8703049759229533,3
2020-07-15,0.07707588398887566,13555.0,1,-0.00995942456658061,-0.00995942456658061,-0.00995942456658061,1.0028615705902277,0.8616372391653289,3
2020-07-20,0.052961945861121906,13420.0,0,0.0037257824143070994,0.0,0.0037257824143070994,1.0028615705902277,0.8648475120385232,3
2020-07-23,0.021228203184230576,13470.0,0,0.023385300668151476,0.0,0.023385300668151476,1.0028615705902277,0.8850722311396468,3
2020-07-28,0.06571318129107073,13785.0,0,0.015233949945593128,0.0,0.015233949945593128,1.0028615705902277,0.8985553772070627,3
2020-07-31,0.04596412556053808,13995.0,0,0.033226152197213255,0.0,0.033226152197213255,1.0028615705902277,0.928410914927769,3
2020-08-05,0.06952662721893499,14460.0,0,-0.01970954356846477,-0.0,-0.01970954356846477,1.0028615705902277,0.9101123595505618,3
2020-08-10,0.03732162458836452,14175.0,0,-0.002821869488536133,-0.0,-0.002821869488536133,1.0028615705902277,0.9075441412520064,3
2020-08-13,0.05445729205520333,14135.0,0,0.0622568093385214,0.0,0.0622568093385214,1.0028615705902277,0.9640449438202248,3
2020-08-18,0.11181044057756395,15015.0,1,-0.022311022311022333,-0.022311022311022333,-0.022311022311022333,0.9804867037139222,0.9425361155698234,3
2020-08-21,0.07231555880204521,14680.0,0,0.0350817438692097,0.0,0.0350817438692097,0.9804867037139222,0.9756019261637238,3
2020-08-26,0.11318681318681323,15195.0,1,0.008226390259953975,0.008226390259953975,0.008226390259953975,0.9885525699833688,0.9836276083467094,3
2020-08-31,0.10255487585462397,15320.0,1,-0.02513054830287209,-0.02513054830287209,-0.02513054830287209,0.9637097018734734,0.9589085072231138,3
2020-09-03,0.0349965349965351,14935.0,0,-0.0036826247070639306,-0.0,-0.0036826247070639306,0.9637097018734734,0.9553772070626002,3
2020-09-08,0.06475849731663685,14880.0,0,-0.04469086021505375,-0.0,-0.04469086021505375,0.9637097018734734,0.912680577849117,3
2020-09-11,-0.011474269819193306,14215.0,0,-0.007386563489271913,-0.0,-0.007386563489271913,0.9637097018734734,0.9059390048154091,3
2020-09-16,-0.04371399525584552,14110.0,0,-0.007795889440113446,-0.0,-0.007795889440113446,0.9637097018734734,0.8988764044943818,3
2020-09-21,-0.06510851419031716,14000.0,-1,0.01857142857142846,-0.01857142857142846,0.01857142857142846,0.9458122359815375,0.9155698234349916,3
2020-09-24,-0.05625413633355392,14260.0,0,-0.0066619915848527,-0.0,-0.0066619915848527,0.9458122359815375,0.9094703049759226,3
2020-09-29,-0.0726677577741408,14165.0,-1,0.024708789269325848,-0.024708789269325848,0.024708789269325848,0.9224423607543198,0.9319422150882822,3
2020-10-12,-0.0175972927241963,14515.0,0,-0.012056493282810887,-0.0,-0.012056493282810887,0.9224423607543198,0.9207062600321024,3
2020-10-15,0.010570824524312794,14340.0,0,0.011506276150627714,0.0,0.011506276150627714,0.9224423607543198,0.9313001605136435,3
2020-10-20,0.0038062283737023694,14505.0,0,-0.004481213374698423,-0.0,-0.004481213374698423,0.9224423607543198,0.9271268057784909,3
2020-10-23,0.031060335594430555,14440.0,0,0.02319944598337953,0.0,0.02319944598337953,0.9224423607543198,0.9486356340288923,3
2020-10-28,0.061041292639138156,14775.0,0,-0.06565143824027075,-0.0,-0.06565143824027075,0.9224423607543198,0.8863563402889244,3
2020-11-02,-0.033263305322128844,13805.0,0,0.001810938065918144,0.0,0.001810938065918144,0.9224423607543198,0.8879614767255215,3
2020-11-05,-0.01670814077497329,13830.0,0,-0.0032537960954447387,-0.0,-0.0032537960954447387,0.9224423607543198,0.8850722311396466,3
2020-11-10,-0.041043478260869515,13785.0,0,-0.01704751541530647,-0.0,-0.01704751541530647,0.9224423607543198,0.8699839486356338,3
2020-11-13,-0.06293222683264177,13550.0,0,-0.03763837638376388,-0.0,-0.03763837638376388,0.9224423607543198,0.8372391653290527,3
2020-11-18,-0.1126233412725417,13040.0,-1,0.020705521472392574,-0.020705521472392574,0.020705521472392574,0.9033427106466768,0.8545746388443015,3
2020-11-23,-0.06498068141903757,13310.0,-1,-0.009391435011269711,0.009391435011269711,-0.009391435011269711,0.9118263950066192,0.846548956661316,3
2020-11-26,-0.08086441268734745,13185.0,-1,0.006067500948047089,-0.006067500948047089,0.006067500948047089,0.9062938874904622,0.8516853932584268,3
2020-12-01,-0.04327443202307968,13265.0,0,0.004146249528835355,0.0,0.004146249528835355,0.9062938874904622,0.8552166934189406,3
2020-12-04,-0.03861421869361237,13320.0,0,0.015390390390390474,0.0,0.015390390390390474,0.9062938874904622,0.868378812199037,3
2020-12-09,-0.010968921389396757,13525.0,0,0.04510166358595202,0.0,0.04510166358595202,0.9062938874904622,0.9075441412520066,3
2020-12-14,0.06238256294626088,14135.0,0,-0.01768659356207991,-0.0,-0.01768659356207991,0.9062938874904622,0.8914927768860355,3
2020-12-17,0.05629516926588063,13885.0,0,-0.042131796903132845,-0.0,-0.042131796903132845,0.9062938874904622,0.8539325842696631,3
2020-12-22,-0.005235602094240788,13300.0,0,0.03007518796992481,0.0,0.03007518796992481,0.9062938874904622,0.8796147672552169,3
2020-12-25,0.024682124158563967,13700.0,0,-0.022992700729926985,-0.0,-0.022992700729926985,0.9062938874904622,0.8593900481540934,3
2020-12-30,0.0007476635514018781,13385.0,0,0.04295853567426233,0.0,0.04295853567426233,0.9062938874904622,0.896308186195827,3
2021-01-05,0.03369122547204739,13960.0,0,0.03474212034383961,0.0,0.03474212034383961,0.9062938874904622,0.927447833065811,3
2021-01-08,0.07317979197622582,14445.0,1,-0.03703703703703709,-0.03703703703703709,-0.03703703703703709,0.8727274472130376,0.8930979133226328,3
2021-01-13,-0.010316613304873656,13910.0,0,0.030553558590941776,0.0,0.030553558590941776,0.8727274472130376,0.9203852327447837,3
2021-01-18,0.02649480844969565,14335.0,0,0.004534356470177858,0.0,0.004534356470177858,0.8727274472130376,0.9245585874799361,3
2021-01-21,0.07784431137724557,14400.0,1,0.00694444444444442,0.00694444444444442,0.00694444444444442,0.8787880544853504,0.9309791332263245,3
2021-01-26,0.06266031513374859,14500.0,0,-0.01172413793103444,-0.0,-0.01172413793103444,0.8787880544853504,0.9200642054574643,3
2021-01-29,0.06622023809523814,14330.0,0,-0.007327285415212881,-0.0,-0.007327285415212881,0.8787880544853504,0.9133226324237563,3
2021-02-03,0.013898788310762633,14225.0,0,0.016520210896309395,0.0,0.016520210896309395,0.8787880544853504,0.9284109149277693,3
2021-02-08,0.03804737975592243,14460.0,0,0.027662517289073207,0.0,0.027662517289073207,0.8787880544853504,0.954093097913323,3
2021-02-18,0.06637961966271977,14860.0,0,0.031628532974427914,0.0,0.031628532974427914,0.8787880544853504,0.9842696629213485,3
2021-02-23,0.07202797202797195,15330.0,0,-0.017612524461839585,-0.0,-0.017612524461839585,0.8787880544853504,0.9669341894060997,3
2021-02-26,0.06922257720979763,15060.0,0,-0.02490039840637448,-0.0,-0.02490039840637448,0.8787880544853504,0.9428571428571431,3
2021-03-03,0.01908396946564883,14685.0,0,-0.03506979911474295,-0.0,-0.03506979911474295,0.8787880544853504,0.9097913322632426,3
2021-03-08,-0.02174663444943048,14170.0,0,-0.007057163020465773,-0.0,-0.007057163020465773,0.8787880544853504,0.9033707865168542,3
2021-03-11,-0.015050752537626888,14070.0,0,-0.009594882729211052,-0.0,-0.009594882729211052,0.8787880544853504,0.8947030497592299,3
2021-03-16,-0.036307053941908696,13935.0,0,0.0021528525296017342,0.0,0.0021528525296017342,0.8787880544853504,0.8966292134831464,3
2021-03-19,-0.08904109589041098,13965.0,-1,0.012531328320801949,-0.012531328320801949,0.012531328320801949,0.8677756728501956,0.9078651685393261,3
2021-03-24,-0.0727868852459016,14140.0,-1,0.018033946251768018,-0.018033946251768018,0.018033946251768018,0.8521262530074234,0.9242375601926166,3
2021-03-29,-0.04700430321085736,14395.0,0,-0.010072941993747864,-0.0,-0.010072941993747864,0.8521262530074234,0.9149277688603533,3
2021-04-01,0.018584703359542543,14250.0,0,0.01543859649122803,0.0,0.01543859649122803,0.8521262530074234,0.9290529695024079,3
2021-04-07,0.03764790247400507,14470.0,0,-0.028334485141672472,-0.0,-0.028334485141672472,0.8521262530074234,0.9027287319422153,3
2021-04-12,0.007885304659498216,14060.0,0,-0.015291607396870521,-0.0,-0.015291607396870521,0.8521262530074234,0.8889245585874801,3
2021-04-15,-0.00788247939806519,13845.0,0,0.00794510653665581,0.0,0.00794510653665581,0.8521262530074234,0.8959871589085073,3
2021-04-20,-0.016560958421423577,13955.0,0,0.0035829451809388235,0.0,0.0035829451809388235,0.8521262530074234,0.8991974317817016,3
2021-04-23,-0.012341325811001447,14005.0,0,0.046769011067475885,0.0,0.046769011067475885,0.8521262530074234,0.941252006420546,3
2021-04-28,0.004453579993148438,14660.0,0,0.02285129604365621,0.0,0.02285129604365621,0.8521262530074234,0.9627608346709473,3
2021-05-06,0.050437828371278526,14995.0,0,0.026675558519506426,0.0,0.026675558519506426,0.8521262530074234,0.988443017656501,3
2021-05-11,0.06355785837651129,15395.0,0,-0.018512504059759682,-0.0,-0.018512504059759682,0.8521262530074234,0.970144462279294,3
2021-05-14,0.0819906910132473,15110.0,1,0.030112508272667204,0.030112508272667204,0.030112508272667204,0.8777859118504664,0.9993579454253615,3
2021-05-19,0.11777378815080786,15565.0,1,-0.0362993896562801,-0.0362993896562801,-0.0362993896562801,0.8459228190014132,0.9630818619582668,3
2021-05-24,0.0779734099892202,15000.0,1,0.006000000000000005,0.006000000000000005,0.006000000000000005,0.8509983559154217,0.9688603531300164,3
2021-05-27,0.06342494714587743,15090.0,0,0.07123923127899268,0.0,0.07123923127899268,0.8509983559154217,1.0378812199036922,3
2021-06-01,0.12569637883008355,16165.0,1,-0.05227343025054132,-0.05227343025054132,-0.05227343025054132,0.8065137527141516,0.9836276083467098,3
2021-06-04,0.028187919463087185,15320.0,0,0.023498694516971286,0.0,0.023498694516971286,0.8065137527141516,1.0067415730337081,3
2021-06-09,0.006418485237484006,15680.0,0,0.03188775510204089,0.0,0.03188775510204089,0.8065137527141516,1.0388443017656503,3
2021-06-15,0.058554138043833914,16180.0,0,-0.016687268232385644,-0.0,-0.016687268232385644,0.8065137527141516,1.0215088282504015,3
2021-06-18,0.051553205551883696,15910.0,0,0.028598365807668058,0.0,0.028598365807668058,0.8065137527141516,1.0507223113964688,3
2021-06-23,0.09684986595174272,16365.0,1,0.017109685304002475,0.017109685304002475,0.017109685304002475,0.8203129492164408,1.0686998394863565,3
2021-06-28,0.0742174895127461,16645.0,1,-0.0057074196455392245,-0.0057074196455392245,-0.0057074196455392245,0.8156310789745926,1.0626003210272874,3
2021-07-01,0.02635658914728678,16550.0,0,0.01993957703927496,0.0,0.01993957703927496,0.8156310789745926,1.0837881219903693,3
2021-07-06,0.09931618365353301,16880.0,1,0.028436018957346043,0.028436018957346043,0.028436018957346043,0.8388243797985148,1.1146067415730339,3
2021-07-09,0.1057324840764331,17360.0,1,0.03052995391705071,0.03052995391705071,0.03052995391705071,0.8644336494582621,1.1486356340288926,3
2021-07-14,0.1290627958346482,17890.0,1,0.045556176634991674,0.045556176634991674,0.045556176634991674,0.9038139414822132,1.2009630818619585,3
2021-07-19,0.18273790705026882,18705.0,1,-0.01577118417535417,-0.01577118417535417,-0.01577118417535417,0.8895597253508444,1.1820224719101127,3
2021-07-22,0.1080349082154679,18410.0,1,0.03449212384573608,0.03449212384573608,0.03449212384573608,0.9202425295658246,1.2227929373996793,3
2021-07-27,0.15040773180308054,19045.0,1,0.049881858755578934,0.049881858755578934,0.049881858755578934,0.9661459374465038,1.2837881219903695,3
2021-07-30,0.22443355786895292,19995.0,1,-0.0547636909227307,-0.0547636909227307,-0.0547636909227307,0.9132362199419315,1.213483146067416,3
2021-08-04,0.12332838038632987,18900.0,1,-0.03915343915343916,-0.03915343915343916,-0.03915343915343916,0.8774798811717183,1.1659711075441415,3
2021-08-09,0.04940768563998854,18160.0,0,0.020649779735682827,0.0,0.020649779735682827,0.8774798811717183,1.190048154093098,3
2021-08-12,0.021212121212121238,18535.0,0,-0.008362557323981612,-0.0,-0.008362557323981612,0.8774798811717183,1.180096308186196,3
2021-08-17,-0.005949161709031925,18380.0,0,-0.040261153427638696,-0.0,-0.040261153427638696,0.8774798811717183,1.1325842696629216,3
2021-08-20,-0.08101067986454802,17640.0,-1,0.004818594104308405,-0.004818594104308405,0.004818594104308405,0.873251661789655,1.1380417335473518,3
2021-08-25,-0.0729602510460251,17725.0,-1,0.02256699576868826,-0.02256699576868826,0.02256699576868826,0.8535449952330478,1.1637239165329056,3
2021-08-30,-0.06523981433728732,18125.0,-1,-0.017655172413793108,0.017655172413793108,-0.017655172413793108,0.8686144792868175,1.1431781701444625,3
2021-09-02,-0.05216928400319398,17805.0,0,0.0915473181690536,0.0,0.0915473181690536,0.8686144792868175,1.247833065810594,3
2021-09-07,0.05596305351806574,19435.0,0,0.005145356315924943,0.0,0.005145356315924943,0.8686144792868175,1.2542536115569827,3
2021-09-10,0.07099780701754388,19535.0,0,0.014333248016380917,0.0,0.014333248016380917,0.8686144792868175,1.2722311396468704,3
2021-09-15,0.0935430463576159,19815.0,1,0.10850365884430979,0.10850365884430979,0.10850365884430979,0.9628623284145821,1.4102728731942218,3
2021-09-22,0.25442604226156473,21965.0,1,-0.098793535169588,-0.098793535169588,-0.098793535169588,0.8677377551088846,1.2709470304975925,3
2021-09-27,0.12695701679476223,19795.0,1,-0.0022733013387219447,-0.0022733013387219447,-0.0022733013387219447,0.865765125708536,1.2680577849117176,3
2021-09-30,0.07017068545109728,19750.0,0,0.0151898734177216,0.0,0.0151898734177216,0.865765125708536,1.287319422150883,3
2021-10-12,0.07133315522308314,20050.0,0,0.036408977556109834,0.0,0.036408977556109834,0.865765125708536,1.3341894060995187,3
2021-10-15,0.07306997159824435,20780.0,1,-0.033926852743022096,-0.033926852743022096,-0.033926852743022096,0.8363924397785785,1.2889245585874802,3
2021-10-20,0.04666319082377468,20075.0,0,-0.018430884184308827,-0.0,-0.018430884184308827,0.8363924397785785,1.265168539325843,3
2021-10-25,-0.04714700193423593,19705.0,0,-0.020806901801573185,-0.0,-0.020806901801573185,0.8363924397785785,1.2388443017656503,3
2021-10-28,-0.11753944660416193,19295.0,-1,-0.03187354236848927,0.03187354236848927,-0.03187354236848927,0.8630512296445451,1.1993579454253613,3
2021-11-02,-0.06786427145708585,18680.0,-1,-0.027301927194860798,0.027301927194860798,-0.027301927194860798,0.8866141914817356,1.1666131621187803,3
2021-11-05,-0.11538461538461542,18170.0,-1,0.0035773252614199613,-0.0035773252614199613,0.0035773252614199613,0.8834424841374146,1.1707865168539329,3
2021-11-10,-0.09413810233482367,18235.0,-1,-0.060871949547573356,0.060871949547573356,-0.060871949547573356,0.9372193504600101,1.099518459069021,3
2021-11-15,-0.17190522243713735,17125.0,-1,-0.009927007299270096,0.009927007299270096,-0.009927007299270096,0.9465231337930439,1.0886035313001607,3
2021-11-18,-0.17171470444553005,16955.0,-1,0.037157180772633414,-0.037157180772633414,0.037157180772633414,0.9113530026052162,1.1290529695024079,3
2021-11-23,-0.1324617661568821,17585.0,-1,-0.013647995450668193,0.013647995450668193,-0.013647995450668193,0.9237911442387251,1.1136436597110755,3
2021-11-26,-0.09093291404612158,17345.0,-1,-0.01671951571057939,0.01671951571057939,-0.01671951571057939,0.9392364847881185,1.0950240770465491,3
2021-12-01,-0.08133584702396979,17055.0,-1,-0.024626209322779258,0.024626209322779258,-0.024626209322779258,0.9623663190661019,1.0680577849117177,3
2021-12-06,-0.0867416964040626,16635.0,-1,-0.046287947099489024,0.046287947099489024,-0.046287947099489024,1.0069122803333637,1.0186195826645266,3
2021-12-09,-0.08532718362640535,15865.0,-1,0.002521273242987787,-0.002521273242987787,0.002521273242987787,1.0043735793429234,1.021187800963082,3
2021-12-14,-0.08618213157138754,15905.0,-1,0.005658597925180864,-0.005658597925180864,0.005658597925180864,0.998690233090747,1.0269662921348317,3
2021-12-17,-0.0748987854251012,15995.0,-1,0.015942482025633087,-0.015942482025633087,0.015942482025633087,0.9827686320005224,1.0433386837881222,3
2021-12-22,-0.10443648387985671,16250.0,-1,0.02892307692307683,-0.02892307692307683,0.02892307692307683,0.9543439392595844,1.073515248796148,3
2021-12-27,-0.026208503203261513,16720.0,0,0.02900717703349276,0.0,0.02900717703349276,0.9543439392595844,1.1046548956661317,3
2021-12-30,0.02288941736028538,17205.0,0,-0.0043591979075849885,-0.0,-0.0043591979075849885,0.9543439392595844,1.0998394863563403,3
2022-01-05,0.028211284513805612,17130.0,0,0.015761821366024442,0.0,0.015761821366024442,0.9543439392595844,1.117174959871589,3
2022-01-10,0.10056925996204935,17400.0,1,0.014367816091954033,0.014367816091954033,0.014367816091954033,0.9680557774673371,1.1332263242375602,3
2022-01-13,0.09593294008072029,17650.0,1,0.011614730878186874,0.011614730878186874,0.011614730878186874,0.9792994847976941,1.1463884430176563,3
2022-01-18,0.11698467313106042,17855.0,1,0.036124334920190515,0.036124334920190515,0.036124334920190515,1.014676027373696,1.1878009630818618,3
2022-01-21,0.11278195488721798,18500.0,1,-0.06675675675675674,-0.06675675675675674,-0.06675675675675674,0.946939546627398,1.1085072231139645,3
2022-01-26,0.021295474711623852,17265.0,0,0.03533159571387201,0.0,0.03533159571387201,0.946939546627398,1.147672552166934,3
2022-02-07,0.04379562043795615,17875.0,0,0.028531468531468596,0.0,0.028531468531468596,0.946939546627398,1.180417335473515,3
2022-02-10,0.08754806270334226,18385.0,1,0.022300788686429263,0.022300788686429263,0.022300788686429263,0.9680570453555587,1.2067415730337077,3
2022-02-15,0.05827702702702697,18795.0,0,-0.0029263101888800103,-0.0,-0.0029263101888800103,0.9680570453555587,1.203210272873194,3
2022-02-18,0.04721989382509073,18740.0,0,-0.0264140875133404,-0.0,-0.0264140875133404,0.9680570453555587,1.1714285714285713,3
2022-02-23,0.029627539503386036,18245.0,0,-0.040010961907371856,-0.0,-0.040010961907371856,0.9680570453555587,1.1245585874799358,3
2022-02-28,-0.0126832018038332,17515.0,0,0.0556665715101341,0.0,0.0556665715101341,0.9680570453555587,1.187158908507223,3
2022-03-03,0.07343976777939032,18490.0,1,0.19659275283937272,0.19659275283937272,0.19659275283937272,1.1583700448075576,1.420545746388443,3
2022-03-08,0.22203811101905546,22125.0,1,-0.13062146892655369,-0.13062146892655369,-0.13062146892655369,1.0070620479942767,1.234991974317817,3
2022-03-11,0.051092896174863345,19235.0,0,0.07824278658695083,0.0,0.07824278658695083,1.0070620479942767,1.3316211878009632,3
2022-03-16,0.07488986784140961,20740.0,1,-0.04628736740597883,-0.04628736740597883,-0.04628736740597883,0.9604477969781481,1.2699839486356341,3
2022-03-21,0.054371002132196145,19780.0,0,0.09277047522750248,0.0,0.09277047522750248,0.9604477969781481,1.387800963081862,3
2022-03-24,0.17664670658682624,21615.0,1,-0.06222530650011571,-0.06222530650011571,-0.06222530650011571,0.9006836384338219,1.3014446227929373,3
2022-03-29,0.15465679293648527,20270.0,1,0.0004933399111988201,0.0004933399111988201,0.0004933399111988201,0.901127981620025,1.302086677367576,3
2022-04-01,0.08015978695073245,20280.0,1,-0.012573964497041401,-0.012573964497041401,-0.012573964497041401,0.8897972303718443,1.2857142857142856,3
2022-04-08,-0.04959658281917423,20025.0,0,-0.010986267166042452,-0.0,-0.010986267166042452,0.8897972303718443,1.2715890850722311,3
2022-04-13,0.024308249288854444,19805.0,0,-0.015147689977278445,-0.0,-0.015147689977278445,0.8897972303718443,1.2523274478330657,3
2022-04-18,-0.015147689977278445,19505.0,0,0.023071007433991264,0.0,0.023071007433991264,0.8897972303718443,1.2812199036918137,3
2022-04-21,0.007319535588086845,19955.0,0,-0.036582310197945334,-0.0,-0.036582310197945334,0.8897972303718443,1.2343499197431782,3
2022-04-26,-0.08843053579895688,19225.0,-1,0.007022106631989544,-0.007022106631989544,0.007022106631989544,0.8835489793393243,1.2430176565008024,3
2022-04-29,-0.06608779546550891,19360.0,-1,-0.0020661157024793875,0.0020661157024793875,-0.0020661157024793875,0.8853744937594468,1.240449438202247,3
2022-05-09,-0.07249159865578492,19320.0,-1,-0.023550724637681153,0.023550724637681153,-0.023550724637681153,0.9062257046632018,1.2112359550561798,3
2022-05-12,-0.024055871702017617,18865.0,0,-0.005300821627352237,-0.0,-0.005300821627352237,0.9062257046632018,1.2048154093097914,3
2022-05-17,-0.053706505295007534,18765.0,0,0.017319477751132517,0.0,0.017319477751132517,0.9062257046632018,1.225682182985554,3
2022-05-20,-0.05798174191956573,19090.0,0,-0.02592980618124674,-0.0,-0.02592980618124674,0.9062257046632018,1.193900481540931,3
2022-05-25,-0.07164253619570649,18595.0,-1,0.0026888948642107557,-0.0026888948642107557,0.0026888948642107557,0.9037889590201172,1.1971107544141253,3
2022-05-30,-0.04629156010230184,18645.0,0,-0.008045052292839916,-0.0,-0.008045052292839916,0.9037889590201172,1.1874799357945427,3
2022-06-02,-0.05153846153846153,18495.0,0,0.020816436874831146,0.0,0.020816436874831146,0.9037889590201172,1.2121990369181384,3
2022-06-08,0.002123142250530785,18880.0,0,-0.046875,-0.0,-0.046875,0.9037889590201172,1.1553772070626007,3
2022-06-13,-0.04434413170472651,17995.0,0,-0.013337038066129514,-0.0,-0.013337038066129514,0.9037889590201172,1.1399678972712683,3
2022-06-16,-0.032952069716775556,17755.0,0,0.021120811039143872,0.0,0.021120811039143872,0.9037889590201172,1.164044943820225,3
2022-06-21,-0.021850553007823015,18130.0,0,-0.07280750137893,-0.0,-0.07280750137893,0.9037889590201172,1.0792937399678975,3
2022-06-24,-0.07280750137893,16810.0,-1,-0.01130279595478878,0.01130279595478878,-0.01130279595478878,0.9140043012101127,1.0670947030497595,3
2022-06-29,-0.0913067249863313,16620.0,-1,-0.016847172081829176,0.016847172081829176,-0.016847172081829176,0.9294026889561313,1.0491171749598718,3
2022-07-04,-0.11675675675675679,16340.0,-1,0.022031823745410017,-0.022031823745410017,0.022031823745410017,0.9089262527245398,1.0722311396468702,3
2022-07-07,-0.10359634997316158,16700.0,-1,-0.0026946107784431295,0.0026946107784431295,-0.0026946107784431295,0.9113754552019412,1.0693418940609953,3
2022-07-12,-0.06694677871148458,16655.0,-1,-0.036325427799459575,0.036325427799459575,-0.036325427799459575,0.9444815584980789,1.0304975922953452,3
2022-07-15,-0.08625106746370625,16050.0,-1,-0.013707165109034247,0.013707165109034247,-0.013707165109034247,0.95742772316285,1.0163723916532907,3
2022-07-20,-0.11835143414090787,15830.0,-1,-0.006001263423878744,0.006001263423878744,-0.006001263423878744,0.9631734991388746,1.0102728731942217,3
2022-07-25,-0.05410279531109108,15735.0,0,0.0028598665395613843,0.0,0.0028598665395613843,0.9631734991388746,1.0131621187800963,3
2022-07-28,-0.06433442039727244,15780.0,0,0.033903675538656586,0.0,0.033903675538656586,0.9631734991388746,1.0475120385232746,3
2022-08-02,-0.01835138387484958,16315.0,0,-0.0021452650934722373,-0.0,-0.0021452650934722373,0.9631734991388746,1.0452648475120387,3
2022-08-05,-0.0378250591016549,16280.0,0,-0.05405405405405406,-0.0,-0.05405405405405406,0.9631734991388746,0.9887640449438204,3
2022-08-10,-0.08605341246290799,15400.0,-1,0.014935064935065023,-0.014935064935065023,0.014935064935065023,0.9487884403855017,1.003531300160514,3
2022-08-15,-0.044036697247706424,15630.0,0,-0.02847088931541908,-0.0,-0.02847088931541908,0.9487884403855017,0.9749598715890854,3
2022-08-18,-0.032802547770700685,15185.0,0,-0.010865986170563002,-0.0,-0.010865986170563002,0.9487884403855017,0.9643659711075445,3
2022-08-23,-0.042702358189929845,15020.0,0,0.02896138482023969,0.0,0.02896138482023969,0.9487884403855017,0.9922953451043343,3
2022-08-26,-0.020595690747782003,15455.0,0,0.010029116790682524,0.0,0.010029116790682524,0.9487884403855017,1.0022471910112363,3
2022-08-31,-0.03790446841294304,15610.0,0,0.014734144778987934,0.0,0.014734144778987934,0.9487884403855017,1.0170144462279298,3
2022-09-05,0.00443880786303108,15840.0,0,0.041982323232323315,0.0,0.041982323232323315,0.9487884403855017,1.059711075441413,3
2022-09-08,0.05463258785942493,16505.0,0,0.03392911239018481,0.0,0.03392911239018481,0.9487884403855017,1.0956661316211882,3
2022-09-14,0.09566613162118776,17065.0,1,-0.012305889246996826,-0.012305889246996826,-0.012305889246996826,0.9371127549192869,1.0821829855537723,3
2022-09-19,0.10452162516382701,16855.0,1,0.0011865915158706386,0.0011865915158706386,0.0011865915158706386,0.9382247249636883,1.08346709470305,3
2022-09-22,0.11903183023872677,16875.0,1,-0.016592592592592603,-0.016592592592592603,-0.016592592592592603,0.9226571443420685,1.0654895666131623,3
2022-09-27,0.08181225554106919,16595.0,1,0.009340162699608356,0.009340162699608356,0.009340162699608356,0.9312749121861794,1.0754414125200644,3
2022-09-30,0.08872278193045169,16750.0,1,-0.02328358208955228,-0.02328358208955228,-0.02328358208955228,0.909591496320352,1.0504012841091495,3
2022-10-12,-0.0009160305343511865,16360.0,0,0.05134474327628369,0.0,0.05134474327628369,0.909591496320352,1.1043338683788124,3
2022-10-17,0.011467215524845642,17200.0,0,0.0293604651162791,0.0,0.0293604651162791,0.909591496320352,1.1367576243980742,3
2022-10-20,0.035985956699824406,17705.0,0,-0.011861056198813946,-0.0,-0.011861056198813946,0.909591496320352,1.1232744783306583,3
2022-10-25,0.027304756312389822,17495.0,0,-0.039725635895970224,-0.0,-0.039725635895970224,0.909591496320352,1.0786516853932586,3
2022-10-28,0.009312105737458776,16800.0,0,-0.008333333333333304,-0.0,-0.008333333333333304,0.909591496320352,1.0696629213483149,3
2022-11-02,0.011843303978135378,16660.0,0,-0.01170468187274909,-0.0,-0.01170468187274909,0.909591496320352,1.0571428571428574,3
2022-11-07,-0.00030358227079541056,16465.0,0,0.006984512602490112,0.0,0.006984512602490112,0.909591496320352,1.0645264847512041,3
2022-11-10,0.012210012210012167,16580.0,0,0.017490952955367955,0.0,0.017490952955367955,0.909591496320352,1.0831460674157307,3
2022-11-15,-0.018044237485448145,16870.0,0,-0.021636040308239513,-0.0,-0.021636040308239513,0.909591496320352,1.059711075441413,3
2022-11-18,-0.03366510538641687,16505.0,0,0.003938200545289261,0.0,0.003938200545289261,0.909591496320352,1.0638844301765653,3
2022-11-23,-0.041919629950852855,16570.0,0,0.005129752564876355,0.0,0.005129752564876355,0.909591496320352,1.0693418940609956,3
2022-11-28,0.006040471156750327,16655.0,0,0.012008405884118778,0.0,0.012008405884118778,0.909591496320352,1.0821829855537723,3
2022-12-01,0.015667369689665644,16855.0,0,0.022248590922574918,0.0,0.022248590922574918,0.909591496320352,1.106260032102729,3
2022-12-06,0.04487568223165561,17230.0,0,0.013639001741149182,0.0,0.013639001741149182,0.909591496320352,1.1213483146067418,3
2022-12-09,0.024039871005570257,17465.0,0,0.008588605782994474,0.0,0.008588605782994474,0.909591496320352,1.1309791332263244,3
2022-12-14,0.0328349457637056,17615.0,0,-0.052512063582174306,-0.0,-0.052512063582174306,0.909591496320352,1.0715890850722312,3
2022-12-19,0.018303843807199405,16690.0,0,-0.02097064110245661,-0.0,-0.02097064110245661,0.909591496320352,1.0491171749598716,3
2022-12-22,-0.018028846153846145,16340.0,0,0.024173806609547155,0.0,0.024173806609547155,0.909591496320352,1.0744783306581058,3
2022-12-27,-0.006235154394299336,16735.0,0,0.00507917538093805,0.0,0.00507917538093805,0.909591496320352,1.0799357945425359,3
2022-12-30,-0.004439183190293017,16820.0,0,-0.013079667063020217,-0.0,-0.013079667063020217,0.909591496320352,1.0658105939004814,3
2023-01-05,-0.03600464576074336,16600.0,0,0.02379518072289155,0.0,0.02379518072289155,0.909591496320352,1.0911717495987157,3
2023-01-10,-0.03162393162393162,16995.0,0,-0.005884083553986508,-0.0,-0.005884083553986508,0.909591496320352,1.0847512038523273,3
2023-01-13,-0.03923798692067104,16895.0,0,0.01923646049126959,0.0,0.01923646049126959,0.909591496320352,1.1056179775280897,3
2023-01-18,0.048082775410833944,17220.0,0,-0.0005807200929152101,-0.0,-0.0005807200929152101,0.909591496320352,1.1049759229534508,3
2023-01-30,0.055180870631514445,17210.0,0,-0.026728646135967482,-0.0,-0.026728646135967482,0.909591496320352,1.075441412520064,3
2023-02-02,0.002093927609931212,16750.0,0,0.00388059701492538,0.0,0.00388059701492538,0.909591496320352,1.0796147672552165,3
2023-02-07,-0.002669039145907437,16815.0,0,-0.011596788581623496,-0.0,-0.011596788581623496,0.909591496320352,1.067094703049759,3
2023-02-10,-0.005088296917090673,16620.0,0,-0.008724428399518702,-0.0,-0.008724428399518702,0.909591496320352,1.0577849117174958,3
2023-02-15,-0.01759093619558738,16475.0,0,0.007890743550834634,0.0,0.007890743550834634,0.909591496320352,1.0661316211878007,3
2023-02-20,-0.028379169104739588,16605.0,0,0.010237880156579449,0.0,0.010237880156579449,0.909591496320352,1.0770465489566612,3
2023-02-23,-0.02470930232558144,16775.0,0,-0.017585692995529034,-0.0,-0.017585692995529034,0.909591496320352,1.0581059390048153,3
2023-02-28,-0.05041774704696056,16480.0,0,-0.006674757281553423,-0.0,-0.006674757281553423,0.909591496320352,1.051043338683788,3
2023-03-03,-0.03193376700177408,16370.0,0,-0.02779474648747704,-0.0,-0.02779474648747704,0.909591496320352,1.0218298555377208,3
2023-03-08,-0.05267857142857146,15915.0,0,-0.011624253848570576,-0.0,-0.011624253848570576,0.909591496320352,1.0099518459069021,3
2023-03-13,-0.04753254617014835,15730.0,0,0.006357279084551859,0.0,0.006357279084551859,0.909591496320352,1.0163723916532905,3
2023-03-16,-0.04002425712553059,15830.0,0,-0.02621604548325962,-0.0,-0.02621604548325962,0.909591496320352,0.9897271268057785,3
2023-03-21,-0.08107302533532046,15415.0,-1,-0.002919234511839064,0.002919234511839064,-0.002919234511839064,0.9122468072080858,0.9868378812199037,3
2023-03-24,-0.08129109384339506,15370.0,-1,-0.018867924528301883,0.018867924528301883,-0.018867924528301883,0.9294590111176724,0.9682182985553772,3
2023-03-29,-0.07427869858809089,15080.0,-1,-0.017904509283819592,0.017904509283819592,-0.017904509283819592,0.9461005186111586,0.9508828250401284,3
2023-04-03,-0.09308022045315367,14810.0,-1,-0.003713706954760254,0.003713706954760254,-0.003713706954760254,0.9496140586870273,0.9473515248796148,3
2023-04-07,-0.0714285714285714,14755.0,-1,0.024059640799728887,-0.024059640799728887,0.024059640799728887,0.9267666855366448,0.9701444622792937,3
2023-04-12,-0.049087476400251684,15110.0,0,0.0059563203176704604,0.0,0.0059563203176704604,0.9267666855366448,0.9759229534510434,3
2023-04-17,-0.03675538656527255,15200.0,0,0.011842105263157876,0.0,0.011842105263157876,0.9267666855366448,0.9874799357945426,3
2023-04-20,0.0026075619295957697,15380.0,0,-0.022106631989596837,-0.0,-0.022106631989596837,0.9267666855366448,0.965650080256822,3
2023-04-25,-0.010851693521867767,15040.0,0,0.017287234042553168,0.0,0.017287234042553168,0.9267666855366448,0.9823434991974319,3
2023-04-28,0.03134479271991908,15300.0,0,0.012418300653594727,0.0,0.012418300653594727,0.9267666855366448,0.9945425361155699,3
2023-05-08,0.06241426611796985,15490.0,0,-0.013879922530664945,-0.0,-0.013879922530664945,0.9267666855366448,0.9807383627608347,3
2023-05-11,0.043730782371028454,15275.0,0,-0.025531914893617058,-0.0,-0.025531914893617058,0.9267666855366448,0.9556982343499197,3
2023-05-16,-0.015216672179953705,14885.0,0,-0.008061807188444736,-0.0,-0.008061807188444736,0.9267666855366448,0.9479935794542537,3
2023-05-19,-0.027338603425559937,14765.0,0,-0.017947849644429414,-0.0,-0.017947849644429414,0.9267666855366448,0.9309791332263243,3
2023-05-24,-0.05104712041884818,14500.0,0,0.02172413793103445,0.0,0.02172413793103445,0.9267666855366448,0.9512038523274479,3
2023-05-29,-0.013976705490848618,14815.0,0,0.015524805939925779,0.0,0.015524805939925779,0.9267666855366448,0.9659711075441413,3
2023-06-01,-0.028728211749515786,15045.0,0,0.005982053838484491,0.0,0.005982053838484491,0.9267666855366448,0.9717495987158908,3
2023-06-06,-0.020388349514563142,15135.0,0,0.003633961017509124,0.0,0.003633961017509124,0.9267666855366448,0.9752808988764046,3
2023-06-09,-0.005890052356020914,15190.0,0,0.008229098090849263,0.0,0.008229098090849263,0.9267666855366448,0.9833065810593902,3
2023-06-14,0.03549695740365122,15315.0,0,-0.02513875285667644,-0.0,-0.02513875285667644,0.9267666855366448,0.9585874799357947,3
2023-06-19,0.018417462482946734,14930.0,0,-0.016075016744809156,-0.0,-0.016075016744809156,0.9267666855366448,0.9431781701444625,3
2023-06-26,-0.00305395317271806,14690.0,0,-0.005445881552076259,-0.0,-0.005445881552076259,0.9267666855366448,0.9380417335473518,3
2023-06-29,-0.017154389505549927,14610.0,0,0.006160164271047153,0.0,0.006160164271047153,0.9267666855366448,0.9438202247191013,3
2023-07-04,-0.030662710187932762,14700.0,0,0.003061224489795844,0.0,0.003061224489795844,0.9267666855366448,0.9467094703049761,3
2023-07-07,-0.027695351137487667,14745.0,0,0.009494743981010467,0.0,0.009494743981010467,0.9267666855366448,0.9556982343499199,3
2023-07-12,-0.024893547330494648,14885.0,0,-0.01343634531407456,-0.0,-0.01343634531407456,0.9267666855366448,0.942857142857143,3
2023-07-17,-0.02973240832507429,14685.0,0,0.04528430371127001,0.0,0.04528430371127001,0.9267666855366448,0.9855537720706261,3
2023-07-20,0.041383989145183264,15350.0,0,0.010097719869706756,0.0,0.010097719869706756,0.9267666855366448,0.9955056179775281,3
2023-07-25,0.05118644067796607,15505.0,0,-0.020316027088036148,-0.0,-0.020316027088036148,0.9267666855366448,0.9752808988764045,3
2023-07-28,0.03192934782608692,15190.0,0,0.01678736010533255,0.0,0.01678736010533255,0.9267666855366448,0.9916532905296951,3
2023-08-02,0.047829036635006705,15445.0,0,-0.012625445127873114,-0.0,-0.012625445127873114,0.9267666855366448,0.9791332263242376,3
2023-08-07,0.035302104548540436,15250.0,0,0.0,0.0,0.0,0.9267666855366448,0.9791332263242376,3
2023-08-10,0.01870407481629921,15250.0,0,0.03245901639344262,0.0,0.03245901639344262,0.9267666855366448,1.0109149277688605,3
2023-08-15,0.0581317204301075,15745.0,0,0.007303906001905336,0.0,0.007303906001905336,0.9267666855366448,1.0182985553772073,3
2023-08-18,0.03389830508474567,15860.0,0,0.012925598991172738,0.0,0.012925598991172738,0.9267666855366448,1.0314606741573036,3
2023-08-23,0.03345127050498542,16065.0,0,-0.014939309056956063,-0.0,-0.014939309056956063,0.9267666855366448,1.0160513643659714,3
2023-08-28,0.033300685602350555,15825.0,0,-0.0006319115323855096,-0.0,-0.0006319115323855096,0.9267666855366448,1.0154093097913326,3
2023-08-31,0.03399803857469763,15815.0,0,0.0012646221941194913,0.0,0.0012646221941194913,0.9267666855366448,1.0166934189406103,3
2023-09-05,0.03768020969855823,15835.0,0,-0.017050836754025855,-0.0,-0.017050836754025855,0.9267666855366448,0.9993579454253615,3
2023-09-08,0.007117437722419906,15565.0,0,-0.01606167683906201,-0.0,-0.01606167683906201,0.9267666855366448,0.9833065810593904,3
2023-09-13,-0.02638270820089006,15315.0,0,0.011426705843943896,0.0,0.011426705843943896,0.9267666855366448,0.9945425361155702,3
2023-09-18,-0.02914446881855215,15490.0,0,-0.021949644932214296,-0.0,-0.021949644932214296,0.9267666855366448,0.9727126805778495,3
2023-09-21,-0.04386241716629846,15150.0,0,-0.012871287128712883,-0.0,-0.012871287128712883,0.9267666855366448,0.9601926163723921,3
2023-09-26,-0.04623724489795922,14955.0,0,-0.02006018054162484,-0.0,-0.02006018054162484,0.9267666855366448,0.9409309791332268,3
2023-10-09,-0.075685903500473,14655.0,-1,0.010235414534288667,-0.010235414534288667,0.010235414534288667,0.9172808443336085,0.9505617977528095,3
2023-10-12,-0.06857502359232459,14805.0,-1,-0.0016886187098953398,0.0016886187098953398,-0.0016886187098953398,0.9188297819295789,0.9489566613162124,3
2023-10-17,-0.055892686042797846,14780.0,0,-0.016238159675236785,-0.0,-0.016238159675236785,0.9188297819295789,0.9335473515248801,3
2023-10-20,-0.05645684620376379,14540.0,0,0.013067400275103225,0.0,0.013067400275103225,0.9188297819295789,0.9457463884430182,3
2023-10-25,-0.04319584280610589,14730.0,0,0.0033944331296673624,0.0,0.0033944331296673624,0.9188297819295789,0.9489566613162124,3
2023-10-30,-0.025387405209363667,14780.0,0,-0.021650879566982417,-0.0,-0.021650879566982417,0.9188297819295789,0.9284109149277693,3
2023-11-02,-0.01799660441426143,14460.0,0,0.005878284923928057,0.0,0.005878284923928057,0.9188297819295789,0.9338683788121994,3
2023-11-07,0.0003438789546079679,14545.0,0,-0.009625300790649716,-0.0,-0.009625300790649716,0.9188297819295789,0.9248796147672556,3
2023-11-10,-0.025701724721000963,14405.0,0,-0.018396390142311647,-0.0,-0.018396390142311647,0.9188297819295789,0.9078651685393262,3
2023-11-15,-0.03907577302072718,14140.0,0,-0.018387553041018356,-0.0,-0.018387553041018356,0.9188297819295789,0.8911717495987163,3
2023-11-20,-0.043088590141330596,13880.0,0,-0.02413544668587897,-0.0,-0.02413544668587897,0.9188297819295789,0.8696629213483149,3
2023-11-23,-0.07447898872565772,13545.0,-1,0.019195275009228574,-0.019195275009228574,0.019195275009228574,0.9011925915787711,0.886356340288925,3
2023-11-28,-0.05283018867924527,13805.0,0,-0.007968127490039834,-0.0,-0.007968127490039834,0.9011925915787711,0.8792937399678977,3
2023-12-01,-0.06166495375128467,13695.0,0,-0.02665206279664112,-0.0,-0.02665206279664112,0.9011925915787711,0.8558587479935799,3
2023-12-06,-0.08195592286501374,13330.0,-1,0.0026256564141036165,-0.0026256564141036165,0.0026256564141036165,0.8988263694703497,0.8581059390048159,3
2023-12-11,-0.0551431601272534,13365.0,0,0.012345679012345734,0.0,0.012345679012345734,0.8988263694703497,0.8686998394863569,3
2023-12-14,-0.04042553191489362,13530.0,0,0.020325203252032464,0.0,0.020325203252032464,0.8988263694703497,0.8863563402889251,3
2023-12-19,0.0040000000000000036,13805.0,0,0.007968127490039834,0.0,0.007968127490039834,0.8988263694703497,0.8934189406099523,3
2023-12-22,0.016064257028112428,13915.0,0,0.008983111749910178,0.0,0.008983111749910178,0.8988263694703497,0.9014446227929379,3
2023-12-27,0.006091006807595889,14040.0,0,-0.014957264957264904,-0.0,-0.014957264957264904,0.8988263694703497,0.8879614767255222,3
2024-01-02,0.016538037486218293,13830.0,0,-0.014099783080260275,-0.0,-0.014099783080260275,0.8988263694703497,0.8754414125200647,3
2024-01-05,0.022497187851518552,13635.0,0,0.002200220022002153,0.0,0.002200220022002153,0.8988263694703497,0.8773675762439812,3
2024-01-10,0.01072485207100593,13665.0,0,0.01353823637028917,0.0,0.01353823637028917,0.8988263694703497,0.8892455858748,3
2024-01-15,0.013167520117044695,13850.0,0,0.02021660649819501,0.0,0.02021660649819501,0.8988263694703497,0.9072231139646877,3
2024-01-18,0.01764494058336341,14130.0,0,0.01415428167020516,0.0,0.01415428167020516,0.8988263694703497,0.9200642054574645,3
2024-01-23,0.01631205673758873,14330.0,0,-0.010467550593161179,-0.0,-0.010467550593161179,0.8988263694703497,0.9104333868378818,3
2024-01-26,0.011412268188302432,14180.0,0,-0.021156558533145242,-0.0,-0.021156558533145242,0.8988263694703497,0.8911717495987165,3
2024-01-31,-0.007153075822603716,13880.0,0,-0.015129682997118143,-0.0,-0.015129682997118143,0.8988263694703497,0.8776886035313007,3
2024-02-05,0.003302752293578015,13670.0,0,-0.002194586686174116,-0.0,-0.002194586686174116,0.8988263694703497,0.8757624398073842,3
2024-02-08,-0.02501786990707644,13640.0,0,0.008064516129032251,0.0,0.008064516129032251,0.8988263694703497,0.8828250401284115,3
2024-02-21,-0.010435408420295111,13750.0,0,0.01381818181818173,0.0,0.01381818181818173,0.8988263694703497,0.8950240770465494,3
2024-02-26,-0.01934576151952161,13940.0,0,0.014705882352941124,0.0,0.014705882352941124,0.8988263694703497,0.9081861958266457,3
2024-02-29,-0.014629049111807735,14145.0,0,-0.02615765288087668,-0.0,-0.02615765288087668,0.8988263694703497,0.8844301765650084,3
2024-03-05,-0.02684563758389258,13775.0,0,0.007985480943738743,0.0,0.007985480943738743,0.8988263694703497,0.8914927768860358,3
2024-03-08,0.012395187750638081,13885.0,0,-0.014043932301044282,-0.0,-0.014043932301044282,0.8988263694703497,0.8789727126805783,3
2024-03-13,0.004033736707004021,13690.0,0,0.00693937180423676,0.0,0.00693937180423676,0.8988263694703497,0.8850722311396474,3
2024-03-18,0.007675438596491224,13785.0,0,-0.00797968806673921,-0.0,-0.00797968806673921,0.8988263694703497,0.87800963081862,3
2024-03-21,-0.014059120403749126,13675.0,0,-0.02522851919561242,-0.0,-0.02522851919561242,0.8988263694703497,0.85585874799358,3
2024-03-26,-0.05661712668082097,13330.0,0,0.007876969242310627,0.0,0.007876969242310627,0.8988263694703497,0.8626003210272879,3
2024-03-29,-0.037262629881762765,13435.0,0,0.0022329735764794467,0.0,0.0022329735764794467,0.8988263694703497,0.8645264847512045,3
2024-04-03,-0.01787016776075856,13465.0,0,0.027849981433345716,0.0,0.027849981433345716,0.8988263694703497,0.8886035313001612,3
2024-04-10,0.014662756598240456,13840.0,0,0.014450867052023142,0.0,0.014450867052023142,0.8988263694703497,0.9014446227929381,3
2024-04-15,0.03539823008849563,14040.0,0,0.017450142450142536,0.0,0.017450142450142536,0.8988263694703497,0.9171749598715899,3
2024-04-18,0.03928701345943986,14285.0,0,-0.008400420021001054,-0.0,-0.008400420021001054,0.8988263694703497,0.9094703049759237,3
2024-04-23,0.041927179109966906,14165.0,0,0.016237204376985614,0.0,0.016237204376985614,0.8988263694703497,0.9242375601926173,3
2024-04-26,0.07026022304832713,14395.0,0,0.0024313997915943464,0.0,0.0024313997915943464,0.8988263694703497,0.9264847512038533,3
2024-05-06,0.07766990291262132,14430.0,1,-0.016978516978516933,-0.016978516978516933,-0.016978516978516933,0.8835656306955586,0.9107544141252016,3
2024-05-09,0.03653635367190344,14185.0,0,-0.0010574550581600173,-0.0,-0.0010574550581600173,0.8835656306955586,0.9097913322632434,3
2024-05-14,0.024213950126490857,14170.0,0,0.014114326040931546,0.0,0.014114326040931546,0.8835656306955586,0.9226324237560203,3
2024-05-17,0.03530259365994226,14370.0,0,0.0368823938761309,0.0,0.0368823938761309,0.8835656306955586,0.9566613162118791,3
2024-05-22,0.03436306837903502,14900.0,0,-0.013087248322147693,-0.0,-0.013087248322147693,0.8835656306955586,0.9441412520064216,3
2024-05-27,0.026168876482902892,14705.0,0,-0.0013600816048963127,-0.0,-0.0013600816048963127,0.8835656306955586,0.942857142857144,3
2024-05-30,0.02728226652675758,14685.0,0,-0.01770514130064693,-0.0,-0.01770514130064693,0.8835656306955586,0.926163723916534,3
2024-06-04,0.011570827489481017,14425.0,0,-0.012824956672443655,-0.0,-0.012824956672443655,0.8835656306955586,0.9142857142857154,3
2024-06-07,-0.0034989503149055468,14240.0,0,-0.021067415730337102,-0.0,-0.021067415730337102,0.8835656306955586,0.89502407704655,3
2024-06-13,-0.009591474245115417,13940.0,0,-0.008249641319942658,-0.0,-0.008249641319942658,0.8835656306955586,0.8876404494382032,3
2024-06-18,-0.04358353510895885,13825.0,0,0.0021699819168172763,0.0,0.0021699819168172763,0.8835656306955586,0.8895666131621196,3
2024-06-21,-0.046127366609294285,13855.0,0,0.007578491519307118,0.0,0.007578491519307118,0.8835656306955586,0.8963081861958275,3
2024-06-26,-0.049693669162695686,13960.0,0,0.012535816618911122,0.0,0.012535816618911122,0.8835656306955586,0.9075441412520072,3
2024-07-01,-0.03251197809719375,14135.0,0,0.0028298549699328213,0.0,0.0028298549699328213,0.8835656306955586,0.9101123595505626,3
2024-07-04,-0.002111932418162654,14175.0,0,-0.011640211640211673,-0.0,-0.011640211640211673,0.8835656306955586,0.8995184590690216,3
2024-07-09,-0.006382978723404209,14010.0,0,-0.00749464668094213,-0.0,-0.00749464668094213,0.8835656306955586,0.8927768860353138,3
2024-07-12,-0.001794687724335997,13905.0,0,-0.006472491909385147,-0.0,-0.006472491909385147,0.8835656306955586,0.8869983948635641,3
2024-07-17,-0.008255563531945453,13815.0,0,0.002533478103510678,0.0,0.002533478103510678,0.8835656306955586,0.8892455858748001,3
2024-07-22,-0.004671218109953301,13850.0,0,-0.006137184115523442,-0.0,-0.006137184115523442,0.8835656306955586,0.8837881219903699,3
2024-07-25,-0.016785714285714293,13765.0,0,0.010170722847802294,0.0,0.010170722847802294,0.8835656306955586,0.8927768860353137,3
2024-07-30,-0.016967126193001114,13905.0,0,0.01761956130888165,0.0,0.01761956130888165,0.8835656306955586,0.9085072231139654,3
2024-08-02,-0.005621925509487036,14150.0,0,-0.016961130742049524,-0.0,-0.016961130742049524,0.8835656306955586,0.893097913322633,3
2024-08-07,-0.001435750179468731,13910.0,0,-0.012940330697340019,-0.0,-0.012940330697340019,0.8835656306955586,0.8815409309791338,3
2024-08-12,-0.014003590664272925,13730.0,0,-0.008011653313911182,-0.0,-0.008011653313911182,0.8835656306955586,0.8744783306581064,3
2024-08-15,-0.015540296349837335,13620.0,0,0.0025697503671071598,0.0,0.0025697503671071598,0.8835656306955586,0.8767255216693424,3
2024-08-20,-0.02707516921980757,13655.0,0,0.005492493592090808,0.0,0.005492493592090808,0.8835656306955586,0.8815409309791337,3
2024-08-23,-0.009379509379509376,13730.0,0,0.00983248361252742,0.0,0.00983248361252742,0.8835656306955586,0.8902086677367581,3
2024-08-28,-0.015269886363636354,13865.0,0,-0.0187522538766679,-0.0,-0.0187522538766679,0.8835656306955586,0.8735152487961482,3
2024-09-02,-0.035448422545196756,13605.0,0,-0.009187798603454644,-0.0,-0.009187798603454644,0.8835656306955586,0.8654895666131626,3
2024-09-05,-0.02706604114038258,13480.0,0,-0.018175074183976236,-0.0,-0.018175074183976236,0.8835656306955586,0.8497592295345109,3
2024-09-10,-0.032175502742230355,13235.0,0,0.0086890819795995,0.0,0.0086890819795995,0.8835656306955586,0.8571428571428575,3
2024-09-13,-0.022336140607835953,13350.0,0,0.0011235955056179137,0.0,0.0011235955056179137,0.8835656306955586,0.8581059390048158,3
2024-09-20,-0.033273056057866235,13365.0,0,0.0014964459408903785,0.0,0.0014964459408903785,0.8835656306955586,0.8593900481540935,3
2024-09-25,-0.03077480086893558,13385.0,0,0.045946955547254476,0.0,0.045946955547254476,0.8835656306955586,0.8988764044943824,3
2024-09-30,0.008282319049333742,14000.0,0,-0.0024999999999999467,-0.0,-0.0024999999999999467,0.8835656306955586,0.8966292134831465,3
2024-10-10,0.02986725663716805,13965.0,0,-0.00358037952022916,-0.0,-0.00358037952022916,0.8835656306955586,0.8934189406099523,3
2024-10-15,0.033419977720014815,13915.0,0,-0.010061085159899341,-0.0,-0.010061085159899341,0.8835656306955586,0.8844301765650086,3
2024-10-18,0.038447041085563516,13775.0,0,-0.019600725952813036,-0.0,-0.019600725952813036,0.8835656306955586,0.8670947030497598,3
2024-10-23,0.010097232610321694,13505.0,0,0.017400962606441972,0.0,0.017400962606441972,0.8835656306955586,0.8821829855537725,3
2024-10-28,0.048054919908466776,13740.0,0,-0.016739446870451258,-0.0,-0.016739446870451258,0.8835656306955586,0.8674157303370791,3
2024-10-31,0.0063314711359403475,13510.0,0,0.0,0.0,0.0,0.8835656306955586,0.8674157303370791,3
2024-11-05,-0.03637660485021399,13510.0,0,0.011472982975573753,0.0,0.011472982975573753,0.8835656306955586,0.8773675762439813,3
2024-11-08,-0.023230879199428123,13665.0,0,-0.01975850713501648,-0.0,-0.01975850713501648,0.8835656306955586,0.8600321027287325,3
2024-11-13,-0.04526015680684248,13395.0,0,-0.00634565136244869,-0.0,-0.00634565136244869,0.8835656306955586,0.8545746388443023,3
2024-11-18,-0.04002884962134867,13310.0,0,0.003380916604057038,0.0,0.003380916604057038,0.8835656306955586,0.8574638844301771,3
2024-11-21,-0.02089442815249265,13355.0,0,-0.01946836390864848,-0.0,-0.01946836390864848,0.8835656306955586,0.8407704654895671,3
2024-11-26,-0.03854625550660795,13095.0,0,-0.0068728522336769515,-0.0,-0.0068728522336769515,0.8835656306955586,0.8349919743178176,3
2024-11-29,-0.039867109634551534,13005.0,0,0.0011534025374855261,0.0,0.0011534025374855261,0.8835656306955586,0.8359550561797758,3
2024-12-04,-0.030167597765363152,13020.0,0,-0.007296466973886306,-0.0,-0.007296466973886306,0.8835656306955586,0.8298555377207069,3
2024-12-09,-0.04718024327312942,12925.0,0,0.018955512572533806,0.0,0.018955512572533806,0.8835656306955586,0.8455858747993585,3
2024-12-12,-0.009774436090225547,13170.0,0,-0.014047076689445714,-0.0,-0.014047076689445714,0.8835656306955586,0.8337078651685399,3
2024-12-17,-0.02588147036759192,12985.0,0,-0.00693107431651907,-0.0,-0.00693107431651907,0.8835656306955586,0.8279293739967903,3
2024-12-20,-0.02421490730230802,12895.0,0,0.0054284606436603156,0.0,0.0054284606436603156,0.8835656306955586,0.8324237560192622,3
2024-12-25,-0.0072741194486982685,12965.0,0,0.007713073659853409,0.0,0.007713073659853409,0.8835656306955586,0.8388443017656506,3
2024-12-30,0.007324595219737828,13065.0,0,-0.020283199387676976,-0.0,-0.020283199387676976,0.8835656306955586,0.8218298555377213,3
2025-01-03,-0.002726918582002358,12800.0,0,0.020703125000000044,0.0,0.020703125000000044,0.8835656306955586,0.8388443017656507,3
2025-01-08,0.0019171779141105016,13065.0,0,0.01415996938384989,0.0,0.01415996938384989,0.8835656306955586,0.8507223113964693,3
2025-01-13,0.01415996938384989,13250.0,0,-0.0015094339622641062,-0.0,-0.0015094339622641062,0.8835656306955586,0.8494382022471916,3
2025-01-16,0.02478698683191327,13230.0,0,-0.004913076341647726,-0.0,-0.004913076341647726,0.8835656306955586,0.8452648475120391,3
2025-01-21,0.009973149213655441,13165.0,0,-0.009494872768704865,-0.0,-0.009494872768704865,0.8835656306955586,0.8372391653290536,3
2025-01-24,0.002305918524212247,13040.0,0,0.030674846625766916,0.0,0.030674846625766916,0.8835656306955586,0.8629213483146074,3
2025-02-06,0.034243939976914106,13440.0,0,-0.017857142857142905,-0.0,-0.017857142857142905,0.8835656306955586,0.8475120385232751,3
2025-02-11,0.026438569206842955,13200.0,0,-0.008333333333333304,-0.0,-0.008333333333333304,0.8835656306955586,0.8404494382022478,3
2025-02-14,-0.006828528072837625,13090.0,0,0.002673796791443861,0.0,0.002673796791443861,0.8835656306955586,0.8426966292134838,3
2025-02-19,-0.004550625711035261,13125.0,0,0.011428571428571344,0.0,0.011428571428571344,0.8835656306955586,0.8523274478330664,3
2025-02-24,-0.0033783783783783994,13275.0,0,-0.004519774011299438,-0.0,-0.004519774011299438,0.8835656306955586,0.8484751203852333,3
2025-02-27,0.003416856492027387,13215.0,0,0.002270147559591429,0.0,0.002270147559591429,0.8835656306955586,0.85040128410915,3
2025-03-04,-0.006376594148537085,13245.0,0,0.010570026425066104,0.0,0.010570026425066104,0.8835656306955586,0.8593900481540938,3
2025-03-07,-0.0011194029850746245,13385.0,0,0.013447889428464643,0.0,0.013447889428464643,0.8835656306955586,0.8709470304975929,3
2025-03-12,0.04026073619631898,13565.0,0,0.006266126059712551,0.0,0.006266126059712551,0.8835656306955586,0.8764044943820232,3
2025-03-17,0.046377922575699504,13650.0,0,-0.01611721611721617,-0.0,-0.01611721611721617,0.8835656306955586,0.8622792937399686,3
2025-03-20,0.013967534918837288,13430.0,0,-0.005584512285927046,-0.0,-0.005584512285927046,0.8835656306955586,0.8574638844301773,3
2025-03-25,0.01713632901751705,13355.0,0,0.013478098090602852,0.0,0.013478098090602852,0.8835656306955586,0.8690208667736765,3
2025-03-28,0.023053665910808707,13535.0,0,0.0018470631695604034,0.0,0.0018470631695604034,0.8835656306955586,0.8706260032102736,3
2025-04-02,0.018782870022539422,13560.0,0,-0.05125368731563418,-0.0,-0.05125368731563418,0.8835656306955586,0.8260032102728739,3
2025-04-08,-0.04633061527057081,12865.0,0,-0.0077730275942479166,-0.0,-0.0077730275942479166,0.8835656306955586,0.8195826645264855,3
2025-04-11,-0.06036069193963933,12765.0,0,0.004308656482569617,0.0,0.004308656482569617,0.8835656306955586,0.8231139646869993,3
2025-04-16,-0.04754829123328386,12820.0,0,-0.002340093603744098,-0.0,-0.002340093603744098,0.8835656306955586,0.8211878009630827,3
2025-04-21,-0.04194756554307111,12790.0,0,-0.0007818608287725182,-0.0,-0.0007818608287725182,0.8835656306955586,0.8205457463884439,3
2025-04-24,-0.046979865771812124,12780.0,0,-0.0046948356807511304,-0.0,-0.0046948356807511304,0.8835656306955586,0.8166934189406109,3
2025-04-29,-0.04826038159371493,12720.0,0,0.0027515723270439274,0.0,0.0027515723270439274,0.8835656306955586,0.8189406099518467,3
2025-05-07,-0.0502606105733433,12755.0,0,0.013720109760878119,0.0,0.013720109760878119,0.8835656306955586,0.8301765650080265,3
2025-05-12,0.016110019646365492,12930.0,0,0.005027068832173187,0.0,0.005027068832173187,0.8835656306955586,0.834349919743179,3
2025-05-15,0.014837953924248248,12995.0,0,-0.011927664486340861,-0.0,-0.011927664486340861,0.8835656306955586,0.824398073836277,3
2025-05-20,-0.0003892565200467324,12840.0,0,0.002725856697819218,0.0,0.002725856697819218,0.8835656306955586,0.8266452648475128,3
2025-05-23,0.014578408195429438,12875.0,0,-0.015145631067961185,-0.0,-0.015145631067961185,0.8835656306955586,0.8141252006420553,3
2025-05-28,0.0,12680.0,0,-0.0019716088328075587,-0.0,-0.0019716088328075587,0.8835656306955586,0.8125200642054582,3
2025-06-03,-0.0011838989739542116,12655.0,0,0.00434610825760573,0.0,0.00434610825760573,0.8835656306955586,0.8160513643659719,3
2025-06-06,-0.003918495297805635,12710.0,0,-0.00865460267505902,-0.0,-0.00865460267505902,0.8835656306955586,0.8089887640449446,3
2025-06-11,-0.025522041763341052,12600.0,0,-0.003968253968253954,-0.0,-0.003968253968253954,0.8835656306955586,0.8057784911717504,3
2025-06-16,-0.03200925568839186,12550.0,0,0.0019920318725099584,0.0,0.0019920318725099584,0.8835656306955586,0.8073836276083475,3
2025-06-19,-0.02292152292152294,12575.0,0,-0.01073558648111328,-0.0,-0.01073558648111328,0.8835656306955586,0.7987158908507231,3
2025-06-24,-0.03378640776699027,12440.0,0,0.014469453376205754,0.0,0.014469453376205754,0.8835656306955586,0.8102728731942224,3
2025-06-27,-0.005516154452324673,12620.0,0,0.003961965134706924,0.0,0.003961965134706924,0.8835656306955586,0.8134831460674167,3
2025-07-02,-0.005104043973301886,12670.0,0,-0.0023677979479084232,-0.0,-0.0023677979479084232,0.8835656306955586,0.8115569823435002,3
2025-07-07,-0.0011853022520742496,12640.0,0,0.017800632911392444,0.0,0.017800632911392444,0.8835656306955586,0.8260032102728742,3
2025-07-10,0.022248708780294058,12865.0,0,-0.014768752429071164,-0.0,-0.014768752429071164,0.8835656306955586,0.8138041733547361,3
2025-07-15,0.015625,12675.0,0,0.0039447731755424265,0.0,0.0039447731755424265,0.8835656306955586,0.8170144462279303,3
2025-07-18,0.017592962814874102,12725.0,0,0.013752455795677854,0.0,0.013752455795677854,0.8835656306955586,0.8282504012841101,3
2025-07-23,0.028708133971291794,12900.0,0,-0.0046511627906976605,-0.0,-0.0046511627906976605,0.8835656306955586,0.8243980738362771,3
2025-07-28,0.018239492466296525,12840.0,0,-0.002725856697819329,-0.0,-0.002725856697819329,0.8835656306955586,0.8221508828250411,3
2025-07-31,0.007474429583005593,12805.0,0,0.012104646622413062,0.0,0.012104646622413062,0.8835656306955586,0.8321027287319431,3
2025-08-05,0.020472440944881987,12960.0,0,0.00694444444444442,0.0,0.00694444444444442,0.8835656306955586,0.8378812199036927,3
2025-08-08,0.026346834447502854,13050.0,0,0.006130268199233679,0.0,0.006130268199233679,0.8835656306955586,0.8430176565008034,3
2025-08-13,0.03630623520126286,13130.0,0,-0.009139375476009182,-0.0,-0.009139375476009182,0.8835656306955586,0.8353130016051372,3
2025-08-18,0.008136381247578539,13010.0,0,-0.016525749423520364,-0.0,-0.016525749423520364,0.8835656306955586,0.8215088282504021,3
2025-08-21,-0.010823347506764613,12795.0,0,0.003516998827667095,0.0,0.003516998827667095,0.8835656306955586,0.8243980738362768,3
2025-08-26,-0.006191950464396245,12840.0,0,-0.0019470404984424095,-0.0,-0.0019470404984424095,0.8835656306955586,0.8227929373996797,3
2025-08-29,-0.0019470404984424095,12815.0,0,0.007803355442840498,0.0,0.007803355442840498,0.8835656306955586,0.8292134831460682,3
2025-09-03,-0.0015461925009663258,12915.0,0,0.0007742934572203541,0.0,0.0007742934572203541,0.8835656306955586,0.8298555377207072,3
2025-09-08,-0.022684310018903586,12925.0,0,-0.004255319148936176,-0.0,-0.004255319148936176,0.8835656306955586,0.8263242375601936,3
2025-09-11,-0.011900191938579607,12870.0,0,0.007770007770007803,0.0,0.007770007770007803,0.8835656306955586,0.8327447833065821,3
2025-09-16,0.00659681800543277,12970.0,0,-0.008481110254433322,-0.0,-0.008481110254433322,0.8835656306955586,0.8256821829855547,3
2025-09-19,0.008627450980392082,12860.0,0,0.0027216174183515296,0.0,0.0027216174183515296,0.8835656306955586,0.8279293739967908,3
2025-09-24,0.0035019455252918164,12895.0,0,-0.008530438154323416,-0.0,-0.008530438154323416,0.8835656306955586,0.8208667736757634,3
2025-09-29,-0.012741312741312738,12785.0,0,0.0015643332029722234,0.0,0.0015643332029722234,0.8835656306955586,0.8221508828250411,3
2025-10-10,-0.00966744006187159,12805.0,0,-0.019133151112846525,-0.0,-0.019133151112846525,0.8835656306955586,0.8064205457463894,3
2025-10-15,-0.030115830115830078,12560.0,0,0.002786624203821697,0.0,0.002786624203821697,0.8835656306955586,0.8086677367576254,3
2025-10-20,-0.027413127413127403,12595.0,0,0.01349741961095674,0.0,0.01349741961095674,0.8835656306955586,0.8195826645264858,3
2025-10-23,-0.013142636258214102,12765.0,0,-0.001175088131609825,-0.0,-0.001175088131609825,0.8835656306955586,0.8186195826645275,3
2025-10-28,-0.012393493415956636,12750.0,0,-0.0074509803921568585,-0.0,-0.0074509803921568585,0.8835656306955586,0.8125200642054585,3
2025-10-31,-0.021268368136117544,12655.0,0,-0.006321612011062849,-0.0,-0.006321612011062849,0.8835656306955586,0.8073836276083477,3
2025-11-05,-0.013725490196078383,12575.0,0,0.002783300198807126,0.0,0.002783300198807126,0.8835656306955586,0.8096308186195836,3
2025-11-10,-0.0035559067562228597,12610.0,0,-0.010705789056304482,-0.0,-0.010705789056304482,0.8835656306955586,0.8009630818619593,3
2025-11-13,-0.011097899326198979,12475.0,0,-0.008817635270541135,-0.0,-0.008817635270541135,0.8835656306955586,0.793900481540932,3
2025-11-18,-0.0236873272799053,12365.0,0,-0.006065507480792598,-0.0,-0.006065507480792598,0.8835656306955586,0.7890850722311405,3
2025-11-21,-0.040593286494925884,12290.0,0,0.013425549227013889,0.0,0.013425549227013889,0.8835656306955586,0.7996789727126815,3
2025-11-26,-0.027333073018352194,12455.0,0,-0.0008028904054596664,-0.0,-0.0008028904054596664,0.8835656306955586,0.7990369181380427,3
2025-12-01,-0.014647664291369766,12445.0,0,-0.0016070711128967075,-0.0,-0.0016070711128967075,0.8835656306955586,0.797752808988765,3
2025-12-04,-0.014670896114195031,12425.0,0,0.01529175050301812,0.0,0.01529175050301812,0.8835656306955586,0.8099518459069031,3
2025-12-09,0.007587859424920129,12615.0,0,-0.003963535473642477,-0.0,-0.003963535473642477,0.8835656306955586,0.8067415730337089,3
2025-12-12,0.014943457189014575,12565.0,0,-0.014723438121766796,-0.0,-0.014723438121766796,0.8835656306955586,0.7948635634028902,3
2025-12-17,0.003648155654641272,12380.0,0,0.03796445880452337,0.0,0.03796445880452337,0.8835656306955586,0.8250401284109159,3
2025-12-22,0.041751114714227766,12850.0,0,0.010894941634241206,0.0,0.010894941634241206,0.8835656306955586,0.8340288924558596,3
2025-12-25,0.04673650282030617,12990.0,0,0.007698229407236301,0.0,0.007698229407236301,0.8835656306955586,0.840449438202248,3
2025-12-30,0.05014039310068186,13090.0,0,0.03170359052711991,0.0,0.03170359052711991,0.8835656306955586,0.8670947030497601,3
2026-01-06,0.08040000000000003,13505.0,1,0.02628656053313594,0.02628656053313594,0.02628656053313594,0.9067915321318358,0.8898876404494391,3
2026-01-09,0.09349112426035511,13860.0,1,0.004689754689754633,0.004689754689754633,0.004689754689754633,0.9110441619722809,0.8940609951845916,3
2026-01-14,0.11578525641025639,13925.0,1,0.027289048473967625,0.027289048473967625,0.027289048473967625,0.9359056902702677,0.9184590690208676,3
2026-01-19,0.15177133655394526,14305.0,1,0.024117441454037047,0.024117441454037047,0.024117441454037047,0.958477340961861,0.9406099518459078,3
2026-01-22,0.13521890740023257,14650.0,1,-0.007508532423208147,-0.007508532423208147,-0.007508532423208147,0.9512805827703386,0.9335473515248806,3
2026-01-27,0.12234658433037437,14540.0,1,-0.02751031636863821,-0.02751031636863821,-0.02751031636863821,0.9251105529829841,0.9078651685393268,3
2026-01-30,0.07733333333333325,14140.0,1,-0.014851485148514865,-0.014851485148514865,-0.014851485148514865,0.9113712873446229,0.894382022471911,3
2026-02-04,-0.006773618538324366,13930.0,0,-0.006460875807609456,-0.0,-0.006460875807609456,0.9113712873446229,0.8886035313001615,3
2026-02-09,-0.0010826416456153343,13840.0,0,0.009393063583815087,0.0,0.009393063583815087,0.9113712873446229,0.8969502407704665,3
2026-02-12,-0.030870620881026656,13970.0,0,0.019685039370078705,0.0,0.019685039370078705,0.9113712873446229,0.9146067415730347,3
2026-02-25,-0.006971070059254125,14245.0,0,0.008424008424008367,0.0,0.008424008424008367,0.9113712873446229,0.9223113964687008,3
2026-03-02,-0.024448217317487253,14365.0,0,-0.017403411068569463,-0.0,-0.017403411068569463,0.9113712873446229,0.9062600321027297,3
2026-03-05,-0.0241963359834082,14115.0,0,0.007793127878143791,0.0,0.007793127878143791,0.9113712873446229,0.9133226324237569,3
2026-03-10,0.05253422123566409,14225.0,0,-0.002460456942003475,-0.0,-0.002460456942003475,0.9113712873446229,0.911075441412521,3
2026-03-13,0.021230658510255518,14190.0,0,-0.011980267794221233,-0.0,-0.011980267794221233,0.9113712873446229,0.9001605136436607,3
2026-03-18,0.01410488245931285,14020.0,0,0.0010699001426532906,0.0,0.0010699001426532906,0.9113712873446229,0.9011235955056189,3
2026-03-23,0.012626262626262541,14035.0,0,0.025293908086925443,0.0,0.025293908086925443,0.9113712873446229,0.9239165329052978,3
2026-03-26,0.008762705923589298,14390.0,0,-0.015983321751216084,-0.0,-0.015983321751216084,0.9113712873446229,0.9091492776886044,3
2026-03-31,-0.0017624250969333621,14160.0,0,0.004590395480225995,0.0,0.004590395480225995,0.9113712873446229,0.9133226324237569,3
2026-04-03,0.001055594651653724,14225.0,0,0.004569420035149374,0.0,0.004569420035149374,0.9113712873446229,0.9174959871589093,3
2026-04-09,0.005276116778051287,14290.0,0,0.024492652204338716,0.0,0.024492652204338716,0.9113712873446229,0.939967897271269,3
2026-04-14,0.03682719546742219,14640.0,0,0.07035519125683054,0.0,0.07035519125683054,0.9113712873446229,1.00609951845907,3
