trade_date,roll_yield,pairs_count,structure
2019-09-25,-0.09884052710854815,1,backwardation
2019-09-26,-0.08480640725872776,1,backwardation
2019-09-27,-0.07811905522438482,1,backwardation
2019-09-30,-0.07956160896551484,1,backwardation
2019-10-08,-0.07441595126546059,1,backwardation
2019-10-09,-0.07309857085577448,1,backwardation
2019-10-10,-0.07267750048586831,1,backwardation
2019-10-11,-0.0767061743485608,1,backwardation
2019-10-14,-0.06482803566986955,1,backwardation
2019-10-15,-0.05686996461382283,1,backwardation
2019-10-16,-0.056685105782863135,1,backwardation
2019-10-17,-0.03892504185946777,1,backwardation
2019-10-18,-0.03253136872633444,1,backwardation
2019-10-21,-0.03565949401124868,1,backwardation
2019-10-22,-0.04104848358635592,1,backwardation
2019-10-23,-0.03672673095257068,1,backwardation
2019-10-24,-0.020321850883885852,1,backwardation
2019-10-25,-0.040869229525756445,1,backwardation
2019-10-28,-0.03938122727769282,1,backwardation
2019-10-29,-0.05845212257412275,1,backwardation
2019-10-30,-0.05147400799953841,1,backwardation
2019-10-31,-0.04901033126112184,1,backwardation
2019-11-01,-0.053067915947322755,1,backwardation
2019-11-04,-0.04356462762482652,1,backwardation
2019-11-05,-0.043755575407203554,1,backwardation
2019-11-06,-0.039580025111450944,1,backwardation
2019-11-07,-0.0341206417450719,1,backwardation
2019-11-08,-0.022011210371205788,1,backwardation
2019-11-11,-0.025767824066985214,1,backwardation
2019-11-12,-0.07253685680091701,1,backwardation
2019-11-13,-0.076979464044041,1,backwardation
2019-11-14,-0.05398017033597233,1,backwardation
2019-11-15,-0.051103231298281905,1,backwardation
2019-11-18,-0.044198792966677836,1,backwardation
2019-11-19,-0.02830127015815482,1,backwardation
2019-11-20,-0.038160239725650906,1,backwardation
2019-11-21,-0.02973190717838471,1,backwardation
2019-11-22,-0.0378568003787656,1,backwardation
2019-11-25,-0.04492180846615628,1,backwardation
2019-11-26,-0.031164045147177872,1,backwardation
2019-11-27,-0.024314812542022408,1,backwardation
2019-11-28,-0.025951030603023777,1,backwardation
2019-11-29,-0.021776795954787827,1,backwardation
2019-12-02,-0.023358195920042645,1,backwardation
2019-12-03,-0.0232078204448231,1,backwardation
2019-12-04,-0.020549366360663908,1,backwardation
2019-12-05,-0.01610220888494703,1,backwardation
2019-12-06,-0.011645537235429949,1,backwardation
2019-12-09,0.0,1,backwardation
2019-12-10,-0.005804016096953567,1,backwardation
2019-12-11,-0.0014282639892488902,1,backwardation
2019-12-12,0.00142425130719332,1,contango
2019-12-13,-0.014230034092589704,1,backwardation
2019-12-16,-0.005694006629351478,1,backwardation
2019-12-17,-0.018476367062102997,1,backwardation
2019-12-18,-0.01705809267955427,1,backwardation
2019-12-19,-0.026853402015237907,1,backwardation
2019-12-20,-0.019845470491067847,1,backwardation
2019-12-23,-0.029597582857914202,1,backwardation
2019-12-24,-0.04130364449273305,1,backwardation
2019-12-25,-0.03575720179563795,1,backwardation
2019-12-26,-0.03746731095776304,2,backwardation
2019-12-27,-0.019964374798887418,2,backwardation
2019-12-30,-0.04399655114353189,2,backwardation
2019-12-31,-0.0278500309571293,2,backwardation
2020-01-02,-0.11041167619037202,2,backwardation
2020-01-03,-0.07881782981444814,2,backwardation
2020-01-06,-0.060006724604350005,2,backwardation
2020-01-07,-0.057764652308149735,2,backwardation
2020-01-08,-0.06303295563295583,2,backwardation
2020-01-09,-0.03730785192217131,2,backwardation
2020-01-10,-0.042592009042393894,1,backwardation
2020-01-13,,0,unknown
2020-01-14,,0,unknown
2020-01-15,,0,unknown
2020-01-16,,0,unknown
2020-01-17,,0,unknown
2020-01-20,,0,unknown
2020-01-21,,0,unknown
2020-01-22,,0,unknown
2020-01-23,,0,unknown
2020-02-03,,0,unknown
2020-02-04,,0,unknown
2020-02-05,,0,unknown
2020-02-06,,0,unknown
2020-02-07,,0,unknown
2020-02-10,,0,unknown
2020-02-11,,0,unknown
2020-02-12,,0,unknown
2020-02-13,,0,unknown
2020-02-14,,0,unknown
2020-02-17,,0,unknown
2020-02-18,,0,unknown
2020-02-19,,0,unknown
2020-02-20,,0,unknown
2020-02-21,,0,unknown
2020-02-24,,0,unknown
2020-02-25,,0,unknown
2020-02-26,0.019205476232096785,1,contango
2020-02-27,-0.023992645650678195,1,backwardation
2020-02-28,0.024367455905482355,1,contango
2020-03-02,-0.019251058868744824,1,backwardation
2020-03-03,-0.014406948594812027,1,backwardation
2020-03-04,0.0,1,backwardation
2020-03-05,0.004809909794487588,1,contango
2020-03-06,-0.014498512142737084,1,backwardation
2020-03-09,0.014949827807657634,1,contango
2020-03-10,-0.014673368612725389,1,backwardation
2020-03-11,0.0,1,backwardation
2020-03-12,0.0,1,backwardation
2020-03-13,0.019961721732431197,1,contango
2020-03-16,0.004979196577242402,1,contango
2020-03-17,-0.00997676699337191,1,backwardation
2020-03-18,0.035302270017983396,1,contango
2020-03-19,0.015577323534973186,2,contango
2020-03-20,-0.015236904517007467,1,backwardation
2020-03-23,0.01030636797475637,1,contango
2020-03-24,0.01030636797475637,1,contango
2020-03-25,-0.020328604005273476,1,backwardation
2020-03-26,-0.023876990956066955,2,backwardation
2020-03-27,0.005039000555225511,1,contango
2020-03-30,0.005119573678175134,1,contango
2020-03-31,0.0,1,backwardation
2020-04-01,0.01521784647009472,1,contango
2020-04-02,0.005087462615073572,1,contango
2020-04-03,0.010206935721665348,1,contango
2020-04-07,-0.020210414392590675,1,backwardation
2020-04-08,-0.03494019495341702,1,backwardation
2020-04-09,-0.014852494214789699,1,backwardation
2020-04-10,-0.019552702748448485,1,backwardation
2020-04-13,-0.01354723040430209,2,contango
2020-04-14,-0.004113530043843492,2,contango
2020-04-15,-0.04622503257846304,2,backwardation
2020-04-16,-0.033916454673805024,2,contango
2020-04-17,-0.05796173561734346,2,backwardation
2020-04-20,-0.11122007415007001,2,backwardation
2020-04-21,-0.08112015117008244,2,backwardation
2020-04-22,-0.14271758043367888,2,backwardation
2020-04-23,-0.10355554777231868,2,backwardation
2020-04-24,-0.08415855156999322,2,backwardation
2020-04-27,-0.08800180008785875,2,backwardation
2020-04-28,-0.03296133171499744,2,backwardation
2020-04-29,-0.05506549814347834,2,backwardation
2020-04-30,-0.11957029585843708,2,backwardation
2020-05-06,-0.02418265101386697,2,backwardation
2020-05-07,-0.04376796591049891,2,backwardation
2020-05-08,-0.0400668852812909,2,backwardation
2020-05-11,-0.04806895888026146,2,backwardation
2020-05-12,-0.0792491342889879,2,backwardation
2020-05-13,-0.06729296126322232,2,backwardation
2020-05-14,-0.06477749308956349,2,backwardation
2020-05-15,-0.06569691055349751,2,backwardation
2020-05-18,-0.06985957763686361,2,backwardation
2020-05-19,-0.08557773071703058,2,backwardation
2020-05-20,-0.057270292825964186,2,backwardation
2020-05-21,-0.125204333155252,2,backwardation
2020-05-22,-0.044956883746177394,1,backwardation
2020-05-25,-0.07574720176826273,1,backwardation
2020-05-26,-0.053438186503159,1,backwardation
2020-05-27,-0.11990376108719064,2,backwardation
2020-05-28,-0.0670512932918135,2,backwardation
2020-05-29,-0.08325270217703645,2,backwardation
2020-06-01,-0.08110479758346703,2,backwardation
2020-06-02,-0.0943286454669152,2,backwardation
2020-06-03,-0.10619367320267269,2,backwardation
2020-06-04,-0.1108615835598973,2,backwardation
2020-06-05,-0.11092179508377749,2,backwardation
2020-06-08,-0.09075696882414613,2,backwardation
2020-06-09,-0.0814470124942999,2,backwardation
2020-06-10,-0.09412191435405508,2,backwardation
2020-06-11,-0.08890541632523316,2,backwardation
2020-06-12,-0.064948132576955,3,backwardation
2020-06-15,-0.0793021937816281,3,backwardation
2020-06-16,-0.10081518354864456,3,backwardation
2020-06-17,-0.08982541799021118,2,backwardation
2020-06-18,-0.07866847110940389,2,backwardation
2020-06-19,-0.16193249561579082,2,backwardation
2020-06-22,-0.15769739994954096,2,backwardation
2020-06-23,-0.16255216672713763,2,backwardation
2020-06-24,-0.12544641885577473,2,backwardation
2020-06-29,-0.15685528647866534,2,backwardation
2020-06-30,-0.14958851693930603,2,backwardation
2020-07-01,-0.14750364474512967,2,backwardation
2020-07-02,-0.12324683887876708,2,backwardation
2020-07-03,-0.08159971607224654,2,backwardation
2020-07-06,-0.059656619746589104,2,backwardation
2020-07-07,-0.05887707727501002,2,backwardation
2020-07-08,-0.025772077651574823,2,backwardation
2020-07-09,-0.050275392570951156,2,backwardation
2020-07-10,-0.1198092651206894,2,backwardation
2020-07-13,-0.0638728897943222,2,backwardation
2020-07-14,-0.059782407327283106,2,backwardation
2020-07-15,-0.10132496676846538,2,backwardation
2020-07-16,-0.11433055106379303,2,backwardation
2020-07-17,-0.10713807337404065,2,backwardation
2020-07-20,-0.09579798358004155,3,backwardation
2020-07-21,-0.08876711781635548,3,backwardation
2020-07-22,-0.0729411793851873,3,backwardation
2020-07-23,-0.07766218098835417,3,backwardation
2020-07-24,-0.10884703087664435,3,backwardation
2020-07-27,-0.10218478213366,3,backwardation
2020-07-28,-0.0832295159207923,3,backwardation
2020-07-29,-0.0770176286279565,3,backwardation
2020-07-30,-0.07508333140483284,3,backwardation
2020-07-31,-0.07255852836981659,3,backwardation
2020-08-03,-0.07899452477590964,3,backwardation
2020-08-04,-0.054293141844940114,4,backwardation
2020-08-05,-0.07239495142520395,4,backwardation
2020-08-06,-0.07301368904504695,4,backwardation
2020-08-07,-0.07823690415554119,4,backwardation
2020-08-10,-0.05823741518158021,4,backwardation
2020-08-11,-0.06388900892786553,4,backwardation
2020-08-12,-0.05118723030922266,4,backwardation
2020-08-13,-0.02440145874017434,4,backwardation
2020-08-14,-0.007755371033565954,4,contango
2020-08-17,-0.05191710133096204,3,backwardation
2020-08-18,-0.07927533110811624,3,backwardation
2020-08-19,-0.04903801473958437,3,backwardation
2020-08-20,-0.038998630870580885,3,backwardation
2020-08-21,-0.01749851555448325,3,backwardation
2020-08-24,0.0008638791116892064,3,backwardation
2020-08-25,-0.0036064992308657558,3,backwardation
2020-08-26,0.004574991452307028,3,contango
2020-08-27,-0.0013243570200033837,3,contango
2020-08-28,-0.007567883060724003,3,contango
2020-08-31,0.006229250222730414,3,contango
2020-09-01,0.008049408933508067,3,contango
2020-09-02,0.012269597586561388,3,contango
2020-09-03,-0.0048347304005068245,3,backwardation
2020-09-04,0.0031327598956649755,3,contango
2020-09-07,0.005599317640617506,3,contango
2020-09-08,0.025491209564494237,3,contango
2020-09-09,0.010426567972057358,3,backwardation
2020-09-10,0.006247639518917011,4,contango
2020-09-11,-0.011862792706831759,4,contango
2020-09-14,0.011724374973323463,4,contango
2020-09-15,0.006736330919170663,3,contango
2020-09-16,0.0256385952639189,3,contango
2020-09-17,0.03048578322559058,3,contango
2020-09-18,0.02168815500226568,2,contango
2020-09-21,0.033626519189910574,2,contango
2020-09-22,0.05655899487001092,2,contango
2020-09-23,0.02620073960157161,2,contango
2020-09-24,-0.007397648396994923,2,contango
2020-09-25,-0.038748850508537824,2,backwardation
2020-09-28,-0.10762979542294279,2,backwardation
2020-09-29,-0.09585593330933011,2,backwardation
2020-09-30,-0.08045697854225711,3,backwardation
2020-10-09,-0.09864726717804083,3,backwardation
2020-10-12,-0.009862921127581591,3,backwardation
2020-10-13,-0.0021337827016182616,3,contango
2020-10-14,-0.0010955257742479882,3,backwardation
2020-10-15,0.00015289324635056457,3,contango
2020-10-16,0.004476876992056905,3,contango
2020-10-19,0.010198675048603023,3,contango
2020-10-20,-0.05373189609934476,3,backwardation
2020-10-21,-0.04194856274776962,3,backwardation
2020-10-22,-0.038171515017976346,3,backwardation
2020-10-23,-0.0652017044571886,3,backwardation
2020-10-26,-0.026211109542583287,3,backwardation
2020-10-27,0.009048636749911831,3,contango
2020-10-28,-0.03196364905377975,3,contango
2020-10-29,-0.04242290758983546,3,backwardation
2020-10-30,0.01022703657666614,3,contango
2020-11-02,-0.004112871582828204,3,backwardation
2020-11-03,-0.03597342312833785,3,contango
2020-11-04,-0.008538621520473246,3,contango
2020-11-05,-0.011032877380014365,3,contango
2020-11-06,-0.038609283830161836,4,backwardation
2020-11-09,-0.019775335613516673,3,contango
2020-11-10,0.02823961868486588,3,contango
2020-11-11,0.019588391133808017,4,backwardation
2020-11-12,0.012553433298024167,4,backwardation
2020-11-13,-0.0009734936209597728,4,backwardation
2020-11-16,-0.01646964353793203,3,backwardation
2020-11-17,-0.002743972060996018,2,contango
2020-11-18,-0.0052413598720240625,2,contango
2020-11-19,0.004516678026776785,2,contango
2020-11-20,0.00902380196407633,2,contango
2020-11-23,-0.044244312046224483,2,backwardation
2020-11-24,-0.03212150707445262,2,backwardation
2020-11-25,-0.0349149277754191,2,backwardation
2020-11-26,0.0007240896992486678,2,backwardation
2020-11-27,-0.01499477651834239,4,backwardation
2020-11-30,-0.029120293909501386,4,backwardation
2020-12-01,-0.025666855051862496,4,backwardation
2020-12-02,-0.0327935742090283,4,backwardation
2020-12-03,-0.02042198389983733,4,backwardation
2020-12-04,-0.005214307039267654,4,contango
2020-12-07,-0.023757136440832532,4,backwardation
2020-12-08,-0.020501780955934037,4,backwardation
2020-12-09,-0.03010491323457471,4,backwardation
2020-12-10,-0.015904880342113514,4,backwardation
2020-12-11,-0.05476472788827315,5,backwardation
2020-12-14,-0.06873782151870111,5,backwardation
2020-12-15,-0.0710987367419864,5,backwardation
2020-12-16,-0.04310773493151981,6,backwardation
2020-12-17,-0.03752539488021589,6,backwardation
2020-12-18,-0.03132819424163156,6,backwardation
2020-12-21,-0.023341069966565122,6,backwardation
2020-12-22,0.052973041009998285,6,backwardation
2020-12-23,0.027419895690911095,6,backwardation
2020-12-24,0.02968530969906525,6,contango
2020-12-25,-0.007334907644013878,7,backwardation
2020-12-28,0.005147943523692936,7,backwardation
2020-12-29,0.007362439220939626,7,contango
2020-12-30,0.015647041527294764,7,backwardation
2020-12-31,0.04136209270359746,7,contango
2021-01-04,0.01292405703381815,7,backwardation
2021-01-05,0.003775123240642113,8,backwardation
2021-01-06,-0.016052060605601295,8,backwardation
2021-01-07,-0.0355703259452007,8,backwardation
2021-01-08,-0.05515575915831195,8,backwardation
2021-01-11,-0.05194852099180654,8,backwardation
2021-01-12,0.001306141930674034,8,backwardation
2021-01-13,0.0011290760728291677,8,contango
2021-01-14,-0.0021348782838508315,8,backwardation
2021-01-15,0.006895776212201509,7,backwardation
2021-01-18,-0.02234104056902347,7,backwardation
2021-01-19,-0.014827670512798536,7,backwardation
2021-01-20,-0.02851780255583021,7,backwardation
2021-01-21,-0.014126665352044009,7,backwardation
2021-01-22,0.006859526374242769,7,backwardation
2021-01-25,-0.011164609601929233,7,backwardation
2021-01-26,-0.007748875868626335,7,backwardation
2021-01-27,-0.006256048210737134,7,backwardation
2021-01-28,-0.004594331373180575,7,backwardation
2021-01-29,-0.02207033423231547,7,backwardation
2021-02-01,-0.007437162298658974,7,backwardation
2021-02-02,0.014010034248438918,7,backwardation
2021-02-03,0.01674927750272002,7,contango
2021-02-04,0.008565234063999347,7,backwardation
2021-02-05,0.01761960887163664,7,contango
2021-02-08,0.00023007444007268273,6,backwardation
2021-02-09,0.008883133646328078,6,backwardation
2021-02-10,0.029004198927235915,6,backwardation
2021-02-18,0.027982024197745176,6,backwardation
2021-02-19,-0.003050108869236957,6,backwardation
2021-02-22,-0.009470090799613242,6,backwardation
2021-02-23,0.0031558466380789967,6,backwardation
2021-02-24,0.013956207427870314,6,backwardation
2021-02-25,-9.570357349651173e-05,6,contango
2021-02-26,0.005432855296524469,6,contango
2021-03-01,0.0006869044787782332,6,contango
2021-03-02,0.005374691573439447,6,contango
2021-03-03,0.004678230019205282,6,contango
2021-03-04,-0.01119347057206438,6,backwardation
2021-03-05,0.03935155049804053,6,contango
2021-03-08,0.022163792695641494,6,contango
2021-03-09,0.02836102062223963,6,contango
2021-03-10,0.021556626586953852,6,contango
2021-03-11,0.01578110798361706,6,contango
2021-03-12,0.004697950623756841,6,contango
2021-03-15,-0.0029636301775059827,5,contango
2021-03-16,0.004445158454393418,5,backwardation
2021-03-17,-0.0003584352746756327,5,backwardation
2021-03-18,-0.001049918751064149,5,contango
2021-03-19,-0.005929242453750375,5,backwardation
2021-03-22,-0.011564709779408454,5,backwardation
2021-03-23,-0.031262505489974966,5,backwardation
2021-03-24,-0.06544843716287219,5,backwardation
2021-03-25,-0.07035132734319027,5,backwardation
2021-03-26,-0.0642956666008221,5,backwardation
2021-03-29,-0.06398220109364207,5,backwardation
2021-03-30,-0.07638077198165966,5,backwardation
2021-03-31,-0.055200978535904714,5,backwardation
2021-04-01,-0.03486927903249493,5,backwardation
2021-04-02,-0.0298897201235582,5,backwardation
2021-04-06,-0.039547787205901255,5,backwardation
2021-04-07,-0.03977087620072256,5,backwardation
2021-04-08,-0.03008112624205278,5,backwardation
2021-04-09,-0.02720002500879994,5,backwardation
2021-04-12,-0.034163324451690305,5,backwardation
2021-04-13,-0.05228822327315238,5,backwardation
2021-04-14,-0.06416155452359679,5,backwardation
2021-04-15,-0.04503153065394216,4,backwardation
2021-04-16,-0.05293039296966345,4,backwardation
2021-04-19,-0.05156399816799268,4,backwardation
2021-04-20,-0.05901812612453645,4,backwardation
2021-04-21,-0.05668559718670526,4,backwardation
2021-04-22,-0.06703952608444459,4,backwardation
2021-04-23,-0.1090318421530766,4,backwardation
2021-04-26,-0.0979918065563134,4,backwardation
2021-04-27,-0.10247562755041227,4,backwardation
2021-04-28,-0.11792180601813514,4,backwardation
2021-04-29,-0.11068020461481802,5,backwardation
2021-04-30,-0.09668118315620601,4,backwardation
2021-05-06,-0.10237524430757397,4,backwardation
2021-05-07,-0.07313971268543827,4,backwardation
2021-05-10,-0.06592761917938025,4,backwardation
2021-05-11,-0.04487710630382922,4,backwardation
2021-05-12,-0.051556288957866105,4,backwardation
2021-05-13,-0.11031903068355797,5,backwardation
2021-05-14,-0.12275695562331254,5,backwardation
2021-05-17,-0.11374724219328476,4,backwardation
2021-05-18,-0.10394726927441517,4,backwardation
2021-05-19,-0.14568548337635392,4,backwardation
2021-05-20,-0.16013787329915327,4,backwardation
2021-05-21,-0.20973417265280753,4,backwardation
2021-05-24,-0.19197517126968772,4,backwardation
2021-05-25,-0.1958973464296963,4,backwardation
2021-05-26,-0.194238341441128,4,backwardation
2021-05-27,-0.1942871871074636,4,backwardation
2021-05-28,-0.24553738372928774,4,backwardation
2021-05-31,-0.2395923677755868,4,backwardation
2021-06-01,-0.21046700363862061,4,backwardation
2021-06-02,-0.17556225113799973,4,backwardation
2021-06-03,-0.17714555990651903,4,backwardation
2021-06-04,-0.15795281665877794,4,backwardation
2021-06-07,-0.1331576120158692,4,backwardation
2021-06-08,-0.1347738283773986,4,backwardation
2021-06-09,-0.12363969586943817,4,backwardation
2021-06-10,-0.152264078090921,4,backwardation
2021-06-11,-0.1317362406941532,4,backwardation
2021-06-15,-0.15394368703187333,3,backwardation
2021-06-16,-0.1668199279877163,3,backwardation
2021-06-17,-0.1800301117993992,3,backwardation
2021-06-18,-0.1618500488081025,3,backwardation
2021-06-21,-0.18605125581865933,3,backwardation
2021-06-22,-0.1509470361308604,3,backwardation
2021-06-23,-0.13497207298868205,3,backwardation
2021-06-24,-0.1300065118745302,3,backwardation
2021-06-25,-0.13840774812261286,3,backwardation
2021-06-28,-0.12895583072048425,3,backwardation
2021-06-29,-0.15837677431546096,3,backwardation
2021-06-30,-0.20217235866238292,3,backwardation
2021-07-01,-0.1836602508123898,4,backwardation
2021-07-02,-0.17708326963513116,4,backwardation
2021-07-05,-0.17991924200180043,4,backwardation
2021-07-06,-0.1643742609863522,4,backwardation
2021-07-07,-0.1287793494312168,4,backwardation
2021-07-08,-0.17370630236159,4,backwardation
2021-07-09,-0.17797760084672046,4,backwardation
2021-07-12,-0.1601333089027832,4,backwardation
2021-07-13,-0.13621787482821732,4,backwardation
2021-07-14,-0.13470899621017404,4,backwardation
2021-07-15,-0.1518163865044021,3,backwardation
2021-07-16,-0.15964857314599484,3,backwardation
2021-07-19,-0.14903365148778513,3,backwardation
2021-07-20,-0.11815698079148676,3,backwardation
2021-07-21,-0.10499249888513597,3,backwardation
2021-07-22,-0.11199509691365574,3,backwardation
2021-07-23,-0.09371543519606992,3,backwardation
2021-07-26,-0.09488058658746851,3,backwardation
2021-07-27,-0.12277231578811537,3,backwardation
2021-07-28,-0.13150417428465447,3,backwardation
2021-07-29,-0.13798388882568355,3,backwardation
2021-07-30,-0.2346903228527803,3,backwardation
2021-08-02,-0.1949359177640483,4,backwardation
2021-08-03,-0.18891865925029006,4,backwardation
2021-08-04,-0.1887203832840673,4,backwardation
2021-08-05,-0.1869597872109297,4,backwardation
2021-08-06,-0.21055389543137776,4,backwardation
2021-08-09,-0.18959526129371584,4,backwardation
2021-08-10,-0.21020452239862603,4,backwardation
2021-08-11,-0.1840489086428338,4,backwardation
2021-08-12,-0.18447530705186177,4,backwardation
2021-08-13,-0.17407862610842054,4,backwardation
2021-08-16,-0.13636561424708032,3,backwardation
2021-08-17,-0.16509443733784962,3,backwardation
2021-08-18,-0.16593059337846894,3,backwardation
2021-08-19,-0.1565551374348952,3,backwardation
2021-08-20,-0.13852103407981392,3,backwardation
2021-08-23,-0.1466993749476697,3,backwardation
2021-08-24,-0.14541166575052902,3,backwardation
2021-08-25,-0.18624453557271506,3,backwardation
2021-08-26,-0.19817225651624643,3,backwardation
2021-08-27,-0.25627461017584574,3,backwardation
2021-08-30,-0.2082246659335568,3,backwardation
2021-08-31,-0.19912843482822778,3,backwardation
2021-09-01,-0.17117958007558912,3,backwardation
2021-09-02,-0.17975945781239705,3,backwardation
2021-09-03,-0.20481786837487923,3,backwardation
2021-09-06,-0.19588855005547987,2,backwardation
2021-09-07,-0.22039567307988672,2,backwardation
2021-09-08,-0.22003378269316282,2,backwardation
2021-09-09,-0.1780687582748652,3,backwardation
2021-09-10,-0.19496902525303078,3,backwardation
2021-09-13,-0.18674275228945444,3,backwardation
2021-09-14,-0.20765043471017794,3,backwardation
2021-09-15,-0.20873051275547558,3,backwardation
2021-09-16,-0.20909242827307464,3,backwardation
2021-09-17,-0.2040896256757484,3,backwardation
2021-09-22,-0.25051393757812124,3,backwardation
2021-09-23,-0.37700050539548585,3,backwardation
2021-09-24,-0.511614324625672,3,backwardation
2021-09-27,-0.3212375020919301,3,backwardation
2021-09-28,-0.24938199488497037,3,backwardation
2021-09-29,-0.19439898750603393,3,backwardation
2021-09-30,-0.190287203884543,3,backwardation
2021-10-08,-0.2055648439538088,3,backwardation
2021-10-11,-0.2574840759394312,3,backwardation
2021-10-12,-0.2991144251454138,3,backwardation
2021-10-13,-0.3684938988362961,4,backwardation
2021-10-14,-0.3235009697433448,4,backwardation
2021-10-15,-0.31381700524493655,4,backwardation
2021-10-18,-0.2804244163481669,4,backwardation
2021-10-19,-0.27156842690482935,4,backwardation
2021-10-20,-0.2622312838227093,5,backwardation
2021-10-21,-0.2949184049768377,5,backwardation
2021-10-22,-0.2326115551644867,5,backwardation
2021-10-25,-0.21118873238497854,5,backwardation
2021-10-26,-0.20034020119657792,6,backwardation
2021-10-27,-0.2698571329008673,6,backwardation
2021-10-28,-0.316657401623547,6,backwardation
2021-10-29,-0.3679466358858052,6,backwardation
2021-11-01,-0.30267457789265895,5,backwardation
2021-11-02,-0.358570377623841,5,backwardation
2021-11-03,-0.35863889961560785,5,backwardation
2021-11-04,-0.42705192394248703,5,backwardation
2021-11-05,-0.44473337660199264,6,backwardation
2021-11-08,-0.4434232555457042,7,backwardation
2021-11-09,-0.43498065282753295,8,backwardation
2021-11-10,-0.378493280230944,8,backwardation
2021-11-11,-0.3375075951422464,8,backwardation
2021-11-12,-0.42645544106292704,8,backwardation
2021-11-15,-0.3544556085255037,8,backwardation
2021-11-16,-0.3586147865552703,9,backwardation
2021-11-17,-0.37020854903850814,9,backwardation
2021-11-18,-0.4218295886187737,9,backwardation
2021-11-19,-0.36560493756406326,9,backwardation
2021-11-22,-0.3333089680668975,9,backwardation
2021-11-23,-0.31954528357259454,9,backwardation
2021-11-24,-0.32720656356959743,9,backwardation
2021-11-25,-0.311767399429988,9,backwardation
2021-11-26,-0.3300239746336529,9,backwardation
2021-11-29,-0.3541184811241574,9,backwardation
2021-11-30,-0.34504415598475296,9,backwardation
2021-12-01,-0.32584503733061904,9,backwardation
2021-12-02,-0.30221085231202943,9,backwardation
2021-12-03,-0.2960797585794566,9,backwardation
2021-12-06,-0.2775759771471,9,backwardation
2021-12-07,-0.23311308968637132,9,backwardation
2021-12-08,-0.09653441138139202,9,backwardation
2021-12-09,-0.10083832233856949,9,backwardation
2021-12-10,-0.06151259983483711,8,backwardation
2021-12-13,-0.10538507503833477,8,backwardation
2021-12-14,-0.09158469190193386,8,backwardation
2021-12-15,-0.0644178722775268,8,backwardation
2021-12-16,-0.10241666630122073,8,backwardation
2021-12-17,-0.08061774557973732,7,backwardation
2021-12-20,-0.05953298697922731,7,backwardation
2021-12-21,-0.08082804363510475,7,backwardation
2021-12-22,-0.07685599644331977,7,backwardation
2021-12-23,-0.11471421122732221,7,backwardation
2021-12-24,-0.17981251674435347,7,backwardation
2021-12-27,-0.15330547174570558,7,backwardation
2021-12-28,-0.17920233955902817,7,backwardation
2021-12-29,-0.17466531923821532,7,backwardation
2021-12-30,-0.20495113101154658,7,backwardation
2021-12-31,-0.17309241902303352,7,backwardation
2022-01-04,-0.15908021509566186,7,backwardation
2022-01-05,-0.18174639927144587,7,backwardation
2022-01-06,-0.16681891257728768,7,backwardation
2022-01-07,-0.127795187144039,7,backwardation
2022-01-10,-0.21511301843241204,7,backwardation
2022-01-11,-0.26416784361873163,7,backwardation
2022-01-12,-0.23776912249289728,7,backwardation
2022-01-13,-0.15832384742205002,7,backwardation
2022-01-14,-0.1257699248005696,7,backwardation
2022-01-17,-0.15664543260165456,6,backwardation
2022-01-18,-0.097317256834209,6,backwardation
2022-01-19,-0.06931363924979293,7,backwardation
2022-01-20,-0.09044745909048954,7,backwardation
2022-01-21,-0.06801064228628534,7,backwardation
2022-01-24,-0.038166951080028114,7,backwardation
2022-01-25,-0.04062098276232176,7,backwardation
2022-01-26,-0.04653418007777595,7,backwardation
2022-01-27,-0.06912907184570263,7,backwardation
2022-01-28,-0.036402293112286724,7,backwardation
2022-02-07,-0.0740639198797937,7,backwardation
2022-02-08,-0.06345555244608853,7,backwardation
2022-02-09,-0.06357881117679734,7,backwardation
2022-02-10,-0.06450821884728196,7,backwardation
2022-02-11,-0.05871348076972541,7,backwardation
2022-02-14,-0.07568566799642777,7,backwardation
2022-02-15,-0.10399983789140463,6,backwardation
2022-02-16,-0.1135582688994533,6,backwardation
2022-02-17,-0.07496349177030195,6,backwardation
2022-02-18,-0.08874034503103205,6,backwardation
2022-02-21,-0.06046623436552874,6,backwardation
2022-02-22,-0.050775514399906074,6,backwardation
2022-02-23,-0.05726795329542361,5,backwardation
2022-02-24,-0.0352680840423309,5,backwardation
2022-02-25,-0.04536172362096013,5,backwardation
2022-02-28,-0.08258073733742456,5,backwardation
2022-03-01,-0.05909757984891659,5,backwardation
2022-03-02,-0.051183442362613824,5,backwardation
2022-03-03,-0.06697146598090332,5,backwardation
2022-03-04,-0.07565710889350069,5,backwardation
2022-03-07,-0.05188911482671512,5,backwardation
2022-03-08,-0.04215633416377856,4,backwardation
2022-03-09,-0.08356619280179446,4,backwardation
2022-03-10,-0.280493979676752,4,backwardation
2022-03-11,-0.04494145330855581,4,backwardation
2022-03-14,-0.03364798803314564,4,backwardation
2022-03-15,-0.05255540985334013,4,backwardation
2022-03-16,-0.06533122112764365,6,backwardation
2022-03-17,-0.05276318035219661,7,backwardation
2022-03-18,-0.08213504104733506,8,backwardation
2022-03-21,-0.049232617277727285,8,backwardation
2022-03-22,-0.04820673096262844,8,backwardation
2022-03-23,-0.06513022801842164,8,backwardation
2022-03-24,-0.05605027354733903,8,backwardation
2022-03-25,-0.04535232538934565,8,backwardation
2022-03-28,-0.03726367360717468,8,backwardation
2022-03-29,-0.03288057862297459,8,backwardation
2022-03-30,-0.05496743248469194,8,backwardation
2022-03-31,-0.043278194522384135,8,backwardation
2022-04-01,-0.04759430982321435,9,backwardation
2022-04-06,-0.04284489861985051,9,backwardation
2022-04-07,-0.03788840213112505,9,backwardation
2022-04-08,-0.03435317508237654,9,backwardation
2022-04-11,-0.01885861846255197,9,backwardation
2022-04-12,-0.01999718946804208,10,backwardation
2022-04-13,-0.03397399261790402,10,backwardation
2022-04-14,-0.02081345381527549,10,backwardation
2022-04-15,-0.03412072391475619,9,backwardation
2022-04-18,-0.018677616538969755,9,backwardation
2022-04-19,-0.014039128617194276,9,backwardation
2022-04-20,-0.0077906123749703834,9,backwardation
2022-04-21,-0.015584243554205027,9,backwardation
2022-04-22,-0.016692514488053863,9,backwardation
2022-04-25,0.0003430445666664976,9,backwardation
2022-04-26,-0.03941893121986693,9,backwardation
2022-04-27,-0.026682139340477272,9,backwardation
2022-04-28,-0.031192230563815114,9,backwardation
2022-04-29,-0.042242108903427604,8,backwardation
2022-05-05,-0.04070118775858074,7,backwardation
2022-05-06,-0.04357682728458491,7,backwardation
2022-05-09,-0.050997781799944,7,backwardation
2022-05-10,-0.06247345211648741,7,backwardation
2022-05-11,-0.07806555034394749,7,backwardation
2022-05-12,-0.07851746671931552,7,backwardation
2022-05-13,-0.07325433073703222,6,backwardation
2022-05-16,-0.12561707043492853,6,backwardation
2022-05-17,-0.09152448672688149,6,backwardation
2022-05-18,-0.0753408065905619,5,backwardation
2022-05-19,-0.11933296730684162,5,backwardation
2022-05-20,-0.17612725357117137,5,backwardation
2022-05-23,-0.09265535798626827,7,backwardation
2022-05-24,-0.11128954174080828,8,backwardation
2022-05-25,-0.14567668957205107,8,backwardation
2022-05-26,-0.20771092637450844,8,backwardation
2022-05-27,-0.2020040390896861,7,backwardation
2022-05-30,-0.1292796464913919,7,backwardation
2022-05-31,-0.14039009722782328,7,backwardation
2022-06-01,-0.13877242496925735,7,backwardation
2022-06-02,-0.12311983805714194,7,backwardation
2022-06-06,-0.12715590419032907,7,backwardation
2022-06-07,-0.11740426798838072,7,backwardation
2022-06-08,-0.14678636655963473,7,backwardation
2022-06-09,-0.13075118082207987,7,backwardation
2022-06-10,-0.13156844109928462,7,backwardation
2022-06-13,-0.12718474178998393,7,backwardation
2022-06-14,-0.1269791247470961,7,backwardation
2022-06-15,-0.13014575492003766,6,backwardation
2022-06-16,-0.15130747624020296,6,backwardation
2022-06-17,-0.1716179587854664,6,backwardation
2022-06-20,-0.2538210118310159,6,backwardation
2022-06-21,-0.30368178760786735,6,backwardation
2022-06-22,-0.3601484964482022,6,backwardation
2022-06-23,-0.389125372627721,6,backwardation
2022-06-24,-0.37122508234205004,6,backwardation
2022-06-27,-0.26769907010405264,6,backwardation
2022-06-28,-0.2419236707515861,6,backwardation
2022-06-29,-0.21031302252358966,7,backwardation
2022-06-30,-0.2171094586944738,7,backwardation
2022-07-01,-0.19746908351012224,6,backwardation
2022-07-04,-0.23035824055885648,6,backwardation
2022-07-05,-0.2784565581116361,6,backwardation
2022-07-06,-0.33197276787905616,6,backwardation
2022-07-07,-0.3245128774144515,6,backwardation
2022-07-08,-0.37605405705975575,6,backwardation
2022-07-11,-0.2895070957229328,6,backwardation
2022-07-12,-0.33726382973037494,6,backwardation
2022-07-13,-0.3704371124449255,7,backwardation
2022-07-14,-0.38030198124905235,7,backwardation
2022-07-15,-0.3593002247825737,7,backwardation
2022-07-18,-0.36972729613144384,7,backwardation
2022-07-19,-0.3615965795773541,7,backwardation
2022-07-20,-0.3516161228241459,7,backwardation
2022-07-21,-0.2787168189381461,7,backwardation
2022-07-22,-0.27786072190090066,7,backwardation
2022-07-25,-0.31287142848686156,7,backwardation
2022-07-26,-0.29219567588827755,7,backwardation
2022-07-27,-0.31190776600051967,7,backwardation
2022-07-28,-0.27853436370454954,7,backwardation
2022-07-29,-0.2711370009122263,7,backwardation
2022-08-01,-0.2303602034654906,7,backwardation
2022-08-02,-0.2320693318474919,7,backwardation
2022-08-03,-0.24160395956146466,7,backwardation
2022-08-04,-0.2363689324428212,7,backwardation
2022-08-05,-0.2739074505330908,6,backwardation
2022-08-08,-0.18611426363475522,6,backwardation
2022-08-09,-0.13726405624912308,6,backwardation
2022-08-10,-0.1182560498859435,6,backwardation
2022-08-11,-0.16069784826044345,6,backwardation
2022-08-12,-0.18474701721866144,6,backwardation
2022-08-15,-0.1708106291214967,6,backwardation
2022-08-16,-0.16530161732465543,6,backwardation
2022-08-17,-0.13992350639083884,6,backwardation
2022-08-18,-0.21153305063099404,6,backwardation
2022-08-19,-0.22000427137586426,6,backwardation
2022-08-22,-0.23698435931775297,6,backwardation
2022-08-23,-0.2568567762608395,6,backwardation
2022-08-24,-0.23378975118321832,6,backwardation
2022-08-25,-0.19924794407170066,6,backwardation
2022-08-26,-0.1914471343023625,6,backwardation
2022-08-29,-0.18934676397496558,6,backwardation
2022-08-30,-0.2065216915870991,6,backwardation
2022-08-31,-0.21032127112120597,6,backwardation
2022-09-01,-0.19355796487818352,5,backwardation
2022-09-02,-0.1948303645515497,6,backwardation
2022-09-05,-0.19499983279882127,6,backwardation
2022-09-06,-0.19546210806147196,6,backwardation
2022-09-07,-0.1794242941739136,6,backwardation
2022-09-08,-0.19635669675439663,6,backwardation
2022-09-09,-0.2066749164241445,6,backwardation
2022-09-13,-0.2606532097949117,6,backwardation
2022-09-14,-0.282712791563609,6,backwardation
2022-09-15,-0.3309054149970016,5,backwardation
2022-09-16,-0.2844511674771558,5,backwardation
2022-09-19,-0.2738056284530254,5,backwardation
2022-09-20,-0.2959713924282137,5,backwardation
2022-09-21,-0.2686845620543258,5,backwardation
2022-09-22,-0.22863354025241778,5,backwardation
2022-09-23,-0.19684094380471567,5,backwardation
2022-09-26,-0.1721835842775163,5,backwardation
2022-09-27,-0.1684831486080717,5,backwardation
2022-09-28,-0.17921490988048566,5,backwardation
2022-09-29,-0.16783896231361475,5,backwardation
2022-09-30,-0.1875072866481644,5,backwardation
2022-10-10,-0.2027478197422633,5,backwardation
2022-10-11,-0.22213585943713313,4,backwardation
2022-10-12,-0.22247470763146887,4,backwardation
2022-10-13,-0.2154806145523483,4,backwardation
2022-10-14,-0.26480072084513173,4,backwardation
2022-10-17,-0.23431847737603498,4,backwardation
2022-10-18,-0.22350838966818543,4,backwardation
2022-10-19,-0.23649957561678103,4,backwardation
2022-10-20,-0.31125493334670634,4,backwardation
2022-10-21,-0.2691990666314468,4,backwardation
2022-10-24,-0.19929832286680754,4,backwardation
2022-10-25,-0.18156017156117985,4,backwardation
2022-10-26,-0.19703387885973953,4,backwardation
2022-10-27,-0.23323162610088122,4,backwardation
2022-10-28,-0.28960210904512407,4,backwardation
2022-10-31,-0.3401020494433768,4,backwardation
2022-11-01,-0.3055861667184722,4,backwardation
2022-11-02,-0.31412264211394664,4,backwardation
2022-11-03,-0.34679939220184025,4,backwardation
2022-11-04,-0.356130448080602,4,backwardation
2022-11-07,-0.3255649420364881,4,backwardation
2022-11-08,-0.3448666732184175,4,backwardation
2022-11-09,-0.3420210596467625,4,backwardation
2022-11-10,-0.3284567986707062,4,backwardation
2022-11-11,-0.25880250704991126,4,backwardation
2022-11-14,-0.2126225705253644,4,backwardation
2022-11-15,-0.22399751072594262,3,backwardation
2022-11-16,-0.1975631444523815,3,backwardation
2022-11-17,-0.18714816939428242,3,backwardation
2022-11-18,-0.15722686761759028,3,backwardation
2022-11-21,-0.19162472141690826,3,backwardation
2022-11-22,-0.17282388211031416,3,backwardation
2022-11-23,-0.1390607123609449,3,backwardation
2022-11-24,-0.11616401382540116,3,backwardation
2022-11-25,-0.12386044647864802,3,backwardation
2022-11-28,-0.11822819458610206,3,backwardation
2022-11-29,-0.06889588441793819,3,backwardation
2022-11-30,-0.038649064878805484,3,backwardation
2022-12-01,-0.05237051329355125,3,backwardation
2022-12-02,-0.05264957946543792,4,backwardation
2022-12-05,-0.05934795463282669,4,backwardation
2022-12-06,-0.07076000470902008,4,backwardation
2022-12-07,-0.05534471229588586,4,backwardation
2022-12-08,-0.06086659765105611,4,backwardation
2022-12-09,-0.04389845164162442,4,backwardation
2022-12-12,-0.05666255102409736,4,backwardation
2022-12-13,-0.05829109348866912,4,backwardation
2022-12-14,-0.051698969611987666,5,backwardation
2022-12-15,-0.04483280433716786,4,backwardation
2022-12-16,-0.0029613527130305543,4,backwardation
2022-12-19,0.01975376966357138,4,backwardation
2022-12-20,0.03243349949160573,4,contango
2022-12-21,0.035465885296786924,4,contango
2022-12-22,0.043691853969850765,4,contango
2022-12-23,0.011269377362732423,4,contango
2022-12-26,0.018930564789113462,4,contango
2022-12-27,0.03428430867837199,4,contango
2022-12-28,0.02590248946963892,5,backwardation
2022-12-29,0.032912929348088336,4,contango
2022-12-30,0.030083533086120325,4,contango
2023-01-03,0.014376712117230624,4,contango
2023-01-04,0.013861059416407188,4,backwardation
2023-01-05,0.016777127279874352,4,backwardation
2023-01-06,0.014001278612004307,4,backwardation
2023-01-09,0.014673996280280911,4,backwardation
2023-01-10,0.010849304051353195,4,backwardation
2023-01-11,0.029142925965173996,4,contango
2023-01-12,0.0575403978129353,4,contango
2023-01-13,0.014087342840789097,4,backwardation
2023-01-16,0.024637023301400367,3,backwardation
2023-01-17,0.01040296282797349,3,backwardation
2023-01-18,0.010733036405740928,3,backwardation
2023-01-19,0.0091198539699207,3,backwardation
2023-01-20,0.008736920187366128,3,backwardation
2023-01-30,0.005600394989272607,3,backwardation
2023-01-31,0.0028095758932488867,3,backwardation
2023-02-01,0.006989092570733913,3,backwardation
2023-02-02,0.009283307264003062,3,contango
2023-02-03,0.01628552154028802,3,contango
2023-02-06,0.006650358241952119,3,backwardation
2023-02-07,-0.007888865164404454,3,backwardation
2023-02-08,-0.006472892937038672,3,backwardation
2023-02-09,-0.010034013274400184,3,backwardation
2023-02-10,-0.00024031774408944954,3,backwardation
2023-02-13,-0.002040314930450045,3,backwardation
2023-02-14,-0.014702063842461621,3,backwardation
2023-02-15,-0.016955419701553492,2,backwardation
2023-02-16,-0.005977150861473236,2,backwardation
2023-02-17,-0.01366361120331515,2,backwardation
2023-02-20,-0.013906991267361881,3,backwardation
2023-02-21,-0.014546441015280126,3,backwardation
2023-02-22,-0.027191661417314387,3,backwardation
2023-02-23,-0.01420392002312238,3,backwardation
2023-02-24,-0.01430113772463024,3,backwardation
2023-02-27,-0.028895083229908598,3,backwardation
2023-02-28,-0.03211733803806211,3,backwardation
2023-03-01,-0.02492062039986282,3,backwardation
2023-03-02,-0.034158720847799,4,backwardation
2023-03-03,-0.043600595063726856,4,backwardation
2023-03-06,-0.044870478124752866,4,backwardation
2023-03-07,-0.03785305072846338,4,backwardation
2023-03-08,-0.036211882960505475,4,backwardation
2023-03-09,-0.03824826338748402,5,backwardation
2023-03-10,-0.04578379847208584,5,backwardation
2023-03-13,-0.05497680744826255,5,backwardation
2023-03-14,-0.10127977708288388,5,backwardation
2023-03-15,-0.10403691227912273,4,backwardation
2023-03-16,-0.14327681487200547,4,backwardation
2023-03-17,-0.15429211537120135,4,backwardation
2023-03-20,-0.20478499130495775,4,backwardation
2023-03-21,-0.2908205989589441,4,backwardation
2023-03-22,-0.2821946841366246,4,backwardation
2023-03-23,-0.2837520872361913,4,backwardation
2023-03-24,-0.23663382868522223,5,backwardation
2023-03-27,-0.2095810571684382,5,backwardation
2023-03-28,-0.20420709429523612,5,backwardation
2023-03-29,-0.17938725588943322,6,backwardation
2023-03-30,-0.09961506548345873,6,backwardation
2023-03-31,-0.07433713443252024,6,backwardation
2023-04-03,-0.09593189471538335,6,backwardation
2023-04-04,-0.09126575261420491,7,backwardation
2023-04-06,-0.08953514602242835,7,backwardation
2023-04-07,-0.09134248601992098,7,backwardation
2023-04-10,-0.09871309889253978,7,backwardation
2023-04-11,-0.1150731451532963,7,backwardation
2023-04-12,-0.18468852375465852,7,backwardation
2023-04-13,-0.17832320513224167,8,backwardation
2023-04-14,-0.16692581586309865,8,backwardation
2023-04-17,-0.18752462645812004,7,backwardation
2023-04-18,-0.1464182020578224,7,backwardation
2023-04-19,-0.1155940111863389,7,backwardation
2023-04-20,-0.10756700965972081,7,backwardation
2023-04-21,-0.1243324737464589,7,backwardation
2023-04-24,-0.14255244936886002,7,backwardation
2023-04-25,-0.13047820776992128,7,backwardation
2023-04-26,-0.11580529545070505,7,backwardation
2023-04-27,-0.09031586501007322,7,backwardation
2023-04-28,-0.15387762309579722,7,backwardation
2023-05-04,-0.10090445561087649,7,backwardation
2023-05-05,-0.10967192287948431,7,backwardation
2023-05-08,-0.1053073463524677,7,backwardation
2023-05-09,-0.11521335670199574,7,backwardation
2023-05-10,-0.15541245440469778,7,backwardation
2023-05-11,-0.14808069277016872,7,backwardation
2023-05-12,-0.15276783271020647,7,backwardation
2023-05-15,-0.15906836094348184,6,backwardation
2023-05-16,-0.1320632972749594,6,backwardation
2023-05-17,-0.1736337723362615,6,backwardation
2023-05-18,-0.11161539980111584,6,backwardation
2023-05-19,-0.12879921670695738,7,backwardation
2023-05-22,-0.14035214157270648,7,backwardation
2023-05-23,-0.12239756623487663,7,backwardation
2023-05-24,-0.13897907750115332,7,backwardation
2023-05-25,-0.15936098828204182,7,backwardation
2023-05-26,-0.15601331262029314,7,backwardation
2023-05-29,-0.15802380346249106,7,backwardation
2023-05-30,-0.16557985374475392,7,backwardation
2023-05-31,-0.16058165225347307,7,backwardation
2023-06-01,-0.17047266381576331,8,backwardation
2023-06-02,-0.15665025479229083,8,backwardation
2023-06-05,-0.1447684453317387,8,backwardation
2023-06-06,-0.16295795774279961,8,backwardation
2023-06-07,-0.1550359598399962,8,backwardation
2023-06-08,-0.15610553536002794,8,backwardation
2023-06-09,-0.15256727153495278,8,backwardation
2023-06-12,-0.14501826341906418,8,backwardation
2023-06-13,-0.13854521559702868,8,backwardation
2023-06-14,-0.12126334432635252,8,backwardation
2023-06-15,-0.10428111619138801,7,backwardation
2023-06-16,-0.09692134830224237,7,backwardation
2023-06-19,-0.06492389219667549,7,backwardation
2023-06-20,-0.06999647246965672,7,backwardation
2023-06-21,-0.08111448158449493,7,backwardation
2023-06-26,-0.08634562749660937,7,backwardation
2023-06-27,-0.06009934307915357,7,backwardation
2023-06-28,-0.05830083597928696,7,backwardation
2023-06-29,-0.03993118916193744,7,backwardation
2023-06-30,-0.051091326780753,7,backwardation
2023-07-03,-0.03871100280865125,7,backwardation
2023-07-04,-0.04800720701551342,7,backwardation
2023-07-05,-0.052010962113537736,7,backwardation
2023-07-06,-0.05517827776320989,7,backwardation
2023-07-07,-0.04235829001085615,7,backwardation
2023-07-10,-0.0578030000897745,7,backwardation
2023-07-11,-0.07329183200072696,7,backwardation
2023-07-12,-0.0623669484430629,7,backwardation
2023-07-13,-0.059803356913231825,7,backwardation
2023-07-14,-0.05355470999055198,7,backwardation
2023-07-17,-0.05978077316738015,6,backwardation
2023-07-18,-0.07267812765499757,6,backwardation
2023-07-19,-0.04726016082386974,6,backwardation
2023-07-20,-0.03696820255482842,6,backwardation
2023-07-21,-0.04093192165867569,6,backwardation
2023-07-24,-0.04438449187609043,6,backwardation
2023-07-25,-0.03765030503045221,6,backwardation
2023-07-26,-0.025133368394705535,6,backwardation
2023-07-27,-0.015889045074688055,6,backwardation
2023-07-28,-0.01750387284350262,6,backwardation
2023-07-31,-0.022111639811472423,6,backwardation
2023-08-01,-0.027957254764344346,6,backwardation
2023-08-02,-0.024894206554046297,6,backwardation
2023-08-03,-0.02590472166048053,6,backwardation
2023-08-04,-0.02888560758827684,6,backwardation
2023-08-07,-0.01992550419834196,6,backwardation
2023-08-08,-0.02142461326017749,6,backwardation
2023-08-09,-0.022419326002385966,6,backwardation
2023-08-10,-0.008123740459072916,6,backwardation
2023-08-11,-0.017463700538864684,6,backwardation
2023-08-14,0.0010453962064207285,6,backwardation
2023-08-15,0.006839839008887091,5,backwardation
2023-08-16,0.0132267783638039,5,backwardation
2023-08-17,0.0014369544052965082,5,backwardation
2023-08-18,0.015897413814822275,5,contango
2023-08-21,0.009281411961037949,6,backwardation
2023-08-22,0.004968490554152509,6,contango
2023-08-23,0.010195628386178742,6,contango
2023-08-24,0.008085118987051058,6,contango
2023-08-25,0.008600039036974086,6,contango
2023-08-28,0.01030601979853381,6,contango
2023-08-29,0.008586312915085466,6,contango
2023-08-30,0.01365734366720119,6,contango
2023-08-31,0.020360640047676244,6,contango
2023-09-01,0.020217300846977936,6,contango
2023-09-04,0.0215573392234661,6,contango
2023-09-05,0.019758493409919788,6,backwardation
2023-09-06,0.020604855624775268,6,contango
2023-09-07,0.01799407690854945,6,contango
2023-09-08,0.0066614412808301835,6,contango
2023-09-11,0.011731393180255277,6,contango
2023-09-12,0.024026611078396324,6,contango
2023-09-13,0.011826365895387816,6,contango
2023-09-14,0.01828844044733975,6,contango
2023-09-15,0.017072793375851946,5,contango
2023-09-18,0.015779297234779416,5,contango
2023-09-19,0.005991401596317513,5,contango
2023-09-20,0.0071718240374302345,5,contango
2023-09-21,0.017643591596891894,5,contango
2023-09-22,0.019469847378392274,5,contango
2023-09-25,0.019427657148514264,5,contango
2023-09-26,0.018634586994155437,5,contango
2023-09-27,0.03411864925292897,5,contango
2023-09-28,0.026489919800739416,5,backwardation
2023-10-09,0.02574306081121587,5,contango
2023-10-10,0.026120976971227693,5,contango
2023-10-11,0.01760695071484789,5,contango
2023-10-12,0.007586461042295509,5,contango
2023-10-13,-0.0030292852717514664,5,backwardation
2023-10-16,-0.03414969780702882,4,backwardation
2023-10-17,-0.008340490092853491,4,backwardation
2023-10-18,-0.04949398192075137,4,backwardation
2023-10-19,-0.06865866906078043,4,backwardation
2023-10-20,-0.03161589483066012,4,backwardation
2023-10-23,-0.04671420171643701,4,backwardation
2023-10-24,-0.029497523227848356,4,backwardation
2023-10-25,-0.028511629704656545,4,backwardation
2023-10-26,-0.0430934603144171,4,backwardation
2023-10-27,-0.044391203045974055,6,backwardation
2023-10-30,-0.03988998912039774,6,backwardation
2023-10-31,-0.014605075339321568,6,contango
2023-11-01,-0.009237317121579774,6,contango
2023-11-02,-0.043269527619850756,6,backwardation
2023-11-03,-0.06472092344003152,6,backwardation
2023-11-06,-0.062297340344702065,6,backwardation
2023-11-07,-0.04654046751523816,6,backwardation
2023-11-08,-0.021236229140802677,6,contango
2023-11-09,-0.02669061566082836,6,contango
2023-11-10,-0.02341997554161465,6,contango
2023-11-13,-0.029860540872505153,8,contango
2023-11-14,-0.021868117616893775,8,contango
2023-11-15,-0.023732215629377267,7,contango
2023-11-16,-0.007931593550854614,7,contango
2023-11-17,0.013540147459336833,7,contango
2023-11-20,0.020717131296829075,7,contango
2023-11-21,0.03220924269721919,8,contango
2023-11-22,0.03014216002903323,8,contango
2023-11-23,0.03315951939955292,8,contango
2023-11-24,0.025711757063915673,8,contango
2023-11-27,0.009047791456668649,8,contango
2023-11-28,0.013250389128757308,8,contango
2023-11-29,-0.0028907606097030984,8,contango
2023-11-30,0.016472770599086924,9,contango
2023-12-01,0.031621865424109386,9,contango
2023-12-04,0.050702417150763526,9,contango
2023-12-05,0.06390150681371028,9,contango
2023-12-06,0.03150272683564535,9,contango
2023-12-07,0.031750332061379456,9,contango
2023-12-08,0.03783454817707069,9,contango
2023-12-11,0.027241301003657247,9,contango
2023-12-12,0.0363730537660256,9,contango
2023-12-13,0.047215782373356184,9,contango
2023-12-14,0.05056103639757671,9,contango
2023-12-15,0.05298619597683295,8,contango
2023-12-18,0.04932226963993088,8,contango
2023-12-19,0.05110106216312147,8,contango
2023-12-20,0.04222203054176148,8,contango
2023-12-21,0.018417671369091115,8,contango
2023-12-22,0.0225344854726493,8,contango
2023-12-25,-0.0014580306051910836,8,contango
2023-12-26,0.0035859089040727373,8,contango
2023-12-27,-0.0029578943865425904,8,contango
2023-12-28,-0.006890736371401908,8,contango
2023-12-29,0.013952383245325425,8,contango
2024-01-02,0.0019842442555348112,8,contango
2024-01-03,-0.00917252070783341,8,contango
2024-01-04,-0.003093735863734292,8,contango
2024-01-05,0.01761919946291393,8,contango
2024-01-08,0.01697510042748577,8,contango
2024-01-09,0.011913978199508764,8,contango
2024-01-10,0.019050402092807846,8,contango
2024-01-11,-0.0013109336447472543,8,contango
2024-01-12,0.011402406212180707,8,contango
2024-01-15,0.017427257836201603,7,contango
2024-01-16,0.02057314953034191,7,contango
2024-01-17,0.013260813232872013,7,contango
2024-01-18,0.014066381083870552,7,contango
2024-01-19,0.012877568612416089,7,contango
2024-01-22,0.019709448980430748,7,contango
2024-01-23,-0.00031096671983809894,7,backwardation
2024-01-24,-0.000714840999377546,7,backwardation
2024-01-25,-0.006407325186339163,7,backwardation
2024-01-26,0.0005950639902155387,7,backwardation
2024-01-29,-0.004988770223150497,7,backwardation
2024-01-30,0.00282114410553955,7,backwardation
2024-01-31,0.003371212153809292,7,backwardation
2024-02-01,0.00752256696660557,7,contango
2024-02-02,0.010078849812913094,7,contango
2024-02-05,0.004930737237823211,7,contango
2024-02-06,-0.00093899765010646,7,contango
2024-02-07,-0.006480508752467857,7,backwardation
2024-02-08,0.002430088502312517,7,contango
2024-02-19,0.004782618661160079,6,backwardation
2024-02-20,0.007706299316370031,6,contango
2024-02-21,0.005369884418187473,6,contango
2024-02-22,0.0014203964091001088,6,contango
2024-02-23,0.007557855497343666,6,contango
2024-02-26,0.006981044006062362,6,contango
2024-02-27,0.011577973111961083,6,contango
2024-02-28,0.008084567612798976,6,contango
2024-02-29,-3.34258469097012e-05,6,backwardation
2024-03-01,0.005994527985922305,6,contango
2024-03-04,0.004818351138618872,6,contango
2024-03-05,0.009450239559828764,6,contango
2024-03-06,0.015200715178033578,6,contango
2024-03-07,0.02224733909034372,6,contango
2024-03-08,0.02738962021816373,6,contango
2024-03-11,0.026564562356011682,6,contango
2024-03-12,0.027775078513496598,7,contango
2024-03-13,0.034592841334563425,7,contango
2024-03-14,0.0324823215138117,7,contango
2024-03-15,0.019343022831245213,6,contango
2024-03-18,0.01672814763397916,6,contango
2024-03-19,0.02139651504861687,6,contango
2024-03-20,0.02299896422892868,6,contango
2024-03-21,0.03019858957843361,6,contango
2024-03-22,0.024433245676530196,6,contango
2024-03-25,0.023192058408243055,7,contango
2024-03-26,0.028199232636181525,7,contango
2024-03-27,0.013767378292030978,7,contango
2024-03-28,0.023138101508452455,7,contango
2024-03-29,0.040480321096180744,7,contango
2024-04-01,0.014302071977424695,7,contango
2024-04-02,0.015182167310808096,8,contango
2024-04-03,0.0253688310369148,8,contango
2024-04-08,0.018827567809090145,8,contango
2024-04-09,0.023758431235521377,7,contango
2024-04-10,0.021051000358382227,7,contango
2024-04-11,0.020376137905527544,7,contango
2024-04-12,0.0350637391574031,7,contango
2024-04-15,0.02999011106679594,7,contango
2024-04-16,0.029984155980969263,7,contango
2024-04-17,0.027857985960442096,7,contango
2024-04-18,0.05012395411841435,7,contango
2024-04-19,0.05621184344462247,7,contango
2024-04-22,0.047675702261832584,8,contango
2024-04-23,0.04704273430843586,7,contango
2024-04-24,0.04487699512397537,7,contango
2024-04-25,0.055670055047320505,7,contango
2024-04-26,0.057802326569749984,7,contango
2024-04-29,0.06537164492582273,7,contango
2024-04-30,0.0713345271078694,7,contango
2024-05-06,0.06973562234489644,7,contango
2024-05-07,0.07883825607914596,7,contango
2024-05-08,0.07159264171499895,7,contango
2024-05-09,0.07721164113328007,7,contango
2024-05-10,0.07000319619903508,7,contango
2024-05-13,0.07732035012466579,7,contango
2024-05-14,0.07862114872657607,7,contango
2024-05-15,0.07837252221276021,7,contango
2024-05-16,0.09474725048556187,6,contango
2024-05-17,0.13073847031227356,7,contango
2024-05-20,0.12767261758347048,7,contango
2024-05-21,0.12059690849011209,7,contango
2024-05-22,0.12040046790008113,7,contango
2024-05-23,0.10436795591913688,7,contango
2024-05-24,0.11363997256507492,7,contango
2024-05-27,0.1073108421850507,7,contango
2024-05-28,0.1068366855843904,7,contango
2024-05-29,0.10973559675342134,7,contango
2024-05-30,0.10783488524503869,7,contango
2024-05-31,0.10615977916094367,7,contango
2024-06-03,0.10543535237971544,7,contango
2024-06-04,0.1011712733305679,7,contango
2024-06-05,0.09476975511858143,7,contango
2024-06-06,0.1053652710226879,7,contango
2024-06-07,0.11304847704649118,7,contango
2024-06-11,0.10735565155811519,7,contango
2024-06-12,0.11327221738365274,7,contango
2024-06-13,0.09721354580730353,7,contango
2024-06-14,0.09013175886727402,7,contango
2024-06-17,0.08764399359061908,6,contango
2024-06-18,0.08496272589185525,6,contango
2024-06-19,0.07759230713979771,6,contango
2024-06-20,0.06054360054689785,6,contango
2024-06-21,0.053703640212341634,6,contango
2024-06-24,0.061457006375264606,6,contango
2024-06-25,0.06375542851070105,6,contango
2024-06-26,0.058646720085862726,6,contango
2024-06-27,0.052438548769024124,6,contango
2024-06-28,0.0520895584636111,6,contango
2024-07-01,0.04139372240682136,6,contango
2024-07-02,0.044213241416120624,6,contango
2024-07-03,0.04251844135845886,6,contango
2024-07-04,0.03492286140600837,6,contango
2024-07-05,0.03271772503406354,6,contango
2024-07-08,0.027010268934797587,6,contango
2024-07-09,0.033128515375840425,6,contango
2024-07-10,0.03542050386464586,6,contango
2024-07-11,0.034753990063385,6,contango
2024-07-12,0.03540163932629035,6,contango
2024-07-15,0.0385608220264486,5,contango
2024-07-16,0.02990727253812926,5,contango
2024-07-17,0.031858394143817366,5,contango
2024-07-18,0.03598022741886714,5,contango
2024-07-19,0.02549856877237153,5,contango
2024-07-22,0.0314215157327532,5,contango
2024-07-23,0.019852783817729164,5,contango
2024-07-24,0.018918591783129327,5,contango
2024-07-25,0.021981702819615746,5,contango
2024-07-26,0.016255381829757356,5,contango
2024-07-29,0.0046357433635364305,5,contango
2024-07-30,0.010196462373534275,5,contango
2024-07-31,0.019486179967503528,5,contango
2024-08-01,0.029351488011352563,5,contango
2024-08-02,0.030131379982020867,5,contango
2024-08-05,0.037600009084713865,5,contango
2024-08-06,0.039138325737643136,5,contango
2024-08-07,0.02810321704450736,5,contango
2024-08-08,0.03984011821505518,5,contango
2024-08-09,0.036004125842672104,5,contango
2024-08-12,0.03495175225994218,5,contango
2024-08-13,0.03191533924112014,5,contango
2024-08-14,0.029369667959525555,5,contango
2024-08-15,0.02499386407142312,4,contango
2024-08-16,0.01627166588876744,4,contango
2024-08-19,0.02114724842396868,4,contango
2024-08-20,0.02832922874152023,4,contango
2024-08-21,0.017827353419828978,4,contango
2024-08-22,0.028954887709053256,4,contango
2024-08-23,0.016461558739557024,4,contango
2024-08-26,0.01641217978292734,4,contango
2024-08-27,0.01711503346086736,4,contango
2024-08-28,0.026080322150023264,5,contango
2024-08-29,0.02449903153042952,5,contango
2024-08-30,0.033816010348221494,5,contango
2024-09-02,0.039107696844699814,5,contango
2024-09-03,0.036855900330487856,5,contango
2024-09-04,0.033082090844319866,5,contango
2024-09-05,0.03048522028343368,5,contango
2024-09-06,0.03139594419088837,5,contango
2024-09-09,0.029251663576413095,5,contango
2024-09-10,0.039302431315709103,5,contango
2024-09-11,0.03379760499814361,5,contango
2024-09-12,0.028051185415654132,5,contango
2024-09-13,0.030906093168823128,5,contango
2024-09-18,0.027852526552151053,4,contango
2024-09-19,0.02724053515562425,4,contango
2024-09-20,0.03024326634584606,4,contango
2024-09-23,0.027162075088154613,4,contango
2024-09-24,0.027124020953544874,4,contango
2024-09-25,0.02084122614532442,4,contango
2024-09-26,0.026681388833503905,4,contango
2024-09-27,0.038956171856435365,4,contango
2024-09-30,0.04704616289128573,4,contango
2024-10-08,0.041765109085669966,4,contango
2024-10-09,0.055421341780765354,4,contango
2024-10-10,0.05780711306783848,4,contango
2024-10-11,0.06629345655858432,4,contango
2024-10-14,0.07616375768327781,4,contango
2024-10-15,0.08894475442325071,3,contango
2024-10-16,0.09031442310170665,3,contango
2024-10-17,0.10366488693706967,4,contango
2024-10-18,0.10329408969864648,4,contango
2024-10-21,0.09631558697755102,4,contango
2024-10-22,0.13167848195986076,4,contango
2024-10-23,0.1262481096514729,4,contango
2024-10-24,0.11029412867150158,4,contango
2024-10-25,0.09561647024201944,4,contango
2024-10-28,0.08951470423405433,4,contango
2024-10-29,0.0875163621939337,4,contango
2024-10-30,0.0947815232212845,4,contango
2024-10-31,0.13066408730669316,4,contango
2024-11-01,0.12367569669359053,4,contango
2024-11-04,0.12743550535824097,5,contango
2024-11-05,0.12777902305660602,5,contango
2024-11-06,0.13676026832022675,5,contango
2024-11-07,0.11626581506113322,5,contango
2024-11-08,0.10408663872102661,5,contango
2024-11-11,0.12362804109034747,5,contango
2024-11-12,0.10538491786993026,5,contango
2024-11-13,0.11946725033586492,5,contango
2024-11-14,0.11136956427351027,5,contango
2024-11-15,0.11956188025243848,4,contango
2024-11-18,0.12175726949767628,4,contango
2024-11-19,0.12610113285376998,4,contango
2024-11-20,0.12423924634741773,4,contango
2024-11-21,0.14894885191328627,4,contango
2024-11-22,0.13911178475510177,4,contango
2024-11-25,0.1414303474558334,4,contango
2024-11-26,0.126357194461646,4,contango
2024-11-27,0.11269288543663392,4,contango
2024-11-28,0.08905448948450367,5,contango
2024-11-29,0.10537918001608333,5,contango
2024-12-02,0.10384845676415115,5,contango
2024-12-03,0.09496267858081522,5,contango
2024-12-04,0.09962076512391281,5,contango
2024-12-05,0.10592008238774576,5,contango
2024-12-06,0.09539157217230958,5,contango
2024-12-09,0.08730513477922139,5,contango
2024-12-10,0.09284814631898206,5,contango
2024-12-11,0.09410864978277036,5,contango
2024-12-12,0.08710166772203996,5,contango
2024-12-13,0.0980413171204687,5,contango
2024-12-16,0.09893549449376089,4,contango
2024-12-17,0.10992717357487167,4,contango
2024-12-18,0.1115749440757286,4,contango
2024-12-19,0.10615376013077758,4,contango
2024-12-20,0.10651108607173553,4,contango
2024-12-23,0.08773091274974441,4,contango
2024-12-24,0.0701559246412166,4,contango
2024-12-25,0.08636330048119718,4,contango
2024-12-26,0.0728283019287207,4,contango
2024-12-27,0.07284369646897094,4,contango
2024-12-30,0.04724768819766912,4,contango
2024-12-31,0.07378368049224202,4,contango
2025-01-02,0.09762098103108666,5,contango
2025-01-03,0.06809601163588494,5,contango
2025-01-06,0.05452245177807378,6,contango
2025-01-07,0.04809544518787613,6,contango
2025-01-08,0.04351518710315462,6,contango
2025-01-09,0.011409837245041778,6,contango
2025-01-10,0.003603629671123947,6,contango
2025-01-13,-0.024295509606499358,6,contango
2025-01-14,-0.007500562664267211,6,contango
2025-01-15,-0.0011377218386439904,5,contango
2025-01-16,-0.004137509637466667,5,contango
2025-01-17,-0.013442740342322837,5,contango
2025-01-20,0.006391480771105106,5,contango
2025-01-21,-0.013787995180426988,5,contango
2025-01-22,-0.010414581098224641,5,contango
2025-01-23,-0.015383768531684583,5,contango
2025-01-24,-0.01066441500565419,5,contango
2025-01-27,-0.07259322043101273,5,contango
2025-02-05,-0.08422469235140753,5,contango
2025-02-06,-0.08464189579475823,5,contango
2025-02-07,-0.08070610268654362,5,contango
2025-02-10,-0.06481529243381053,5,contango
2025-02-11,-0.058366827472506745,5,contango
2025-02-12,-0.04564047162322967,5,contango
2025-02-13,-0.0549373195438428,5,contango
2025-02-14,-0.059446419827274874,5,contango
2025-02-17,-0.06473393013385846,4,contango
2025-02-18,-0.060191713762479414,4,contango
2025-02-19,-0.054754801698620875,4,contango
2025-02-20,-0.05052116285702211,4,contango
2025-02-21,-0.06093162736084921,4,contango
2025-02-24,-0.05825660397619788,4,contango
2025-02-25,-0.039924794636339994,4,contango
2025-02-26,-0.020808074646257443,6,contango
2025-02-27,0.007302773535026586,6,contango
2025-02-28,0.02288239219825275,6,contango
2025-03-03,0.0337649234309186,6,contango
2025-03-04,0.04884519009991524,6,contango
2025-03-05,0.05403797567200359,6,contango
2025-03-06,0.05704343910262087,6,contango
2025-03-07,0.06416200038381963,6,contango
2025-03-10,0.07378791151337177,6,contango
2025-03-11,0.0672291744052079,6,contango
2025-03-12,0.06868766718662105,6,contango
2025-03-13,0.06793115516360626,6,contango
2025-03-14,0.06857552595211353,6,contango
2025-03-17,0.06584472643173377,5,contango
2025-03-18,0.07397911650821529,5,contango
2025-03-19,0.07830581304993123,5,contango
2025-03-20,0.07964114632484261,5,contango
2025-03-21,0.08862578798721281,5,contango
2025-03-24,0.09060164662314352,5,contango
2025-03-25,0.0894566642022314,5,contango
2025-03-26,0.09155523433336302,5,contango
2025-03-27,0.09525156265439254,5,contango
2025-03-28,0.09920089432169539,5,contango
2025-03-31,0.10191253477855898,5,contango
2025-04-01,0.0825765014748553,5,contango
2025-04-02,0.08124957374303755,5,contango
2025-04-03,0.08732521163163869,5,contango
2025-04-07,0.06645962457598366,5,contango
2025-04-08,0.056909278550052976,5,contango
2025-04-09,0.041063445509281746,5,contango
2025-04-10,0.048360416116902116,5,contango
2025-04-11,0.03906944437035313,5,contango
2025-04-14,0.04813914102280945,5,contango
2025-04-15,0.0479560033449279,4,contango
2025-04-16,0.043463157179430376,4,contango
2025-04-17,0.04357221589028992,4,contango
2025-04-18,0.04429602714573293,4,contango
2025-04-21,0.043226469208139294,4,contango
2025-04-22,0.04748634531381001,4,contango
2025-04-23,0.03305255221307387,5,contango
2025-04-24,0.03286629478089416,5,contango
2025-04-25,0.043236366372497594,5,contango
2025-04-28,0.03295711770168381,5,contango
2025-04-29,0.04049765835891595,5,contango
2025-04-30,0.04138802930539493,5,contango
2025-05-06,0.03398182886691753,5,contango
2025-05-07,0.03607172196357159,5,contango
2025-05-08,0.04210030733370124,5,contango
2025-05-09,0.031310838059213614,5,contango
2025-05-12,0.031420905925491696,5,contango
2025-05-13,0.03327410844146229,5,contango
2025-05-14,0.03465430959074125,5,contango
2025-05-15,0.0363910881363816,4,contango
2025-05-16,0.03337588929649762,4,contango
2025-05-19,0.032560185751712815,4,contango
2025-05-20,0.029000705076413502,4,contango
2025-05-21,0.03210866555747195,4,contango
2025-05-22,0.03153925967078356,4,contango
2025-05-23,0.03838492129770407,4,contango
2025-05-26,0.037628658223987546,4,contango
2025-05-27,0.027972887162519947,4,contango
2025-05-28,0.03740709834608169,4,contango
2025-05-29,0.026843106426190883,4,contango
2025-05-30,0.03176355147328277,4,contango
2025-06-03,0.019774608454456593,4,contango
2025-06-04,0.012683234778934968,4,contango
2025-06-05,0.01155312840017577,4,contango
2025-06-06,0.020378410941522398,4,contango
2025-06-09,0.014456609538743401,4,contango
2025-06-10,0.019974752711211952,5,contango
2025-06-11,0.0077987052473321595,5,contango
2025-06-12,0.006409945016856312,5,contango
2025-06-13,-0.0021241506896901453,5,backwardation
2025-06-16,-0.007161422430927898,4,backwardation
2025-06-17,-0.008402907396335228,4,backwardation
2025-06-18,-0.027815648735616864,5,backwardation
2025-06-19,-0.03344594549774134,5,backwardation
2025-06-20,-0.03337024789317729,5,contango
2025-06-23,-0.023493394708011546,6,contango
2025-06-24,-0.04890423835798259,6,backwardation
2025-06-25,-0.04801703587083711,6,backwardation
2025-06-26,-0.033048709773251535,6,contango
2025-06-27,-0.03169309269711917,6,contango
2025-06-30,-0.032599509066946496,6,contango
2025-07-01,-0.016455209078980675,6,contango
2025-07-02,-0.02932691954279051,6,contango
2025-07-03,-0.026075867401941257,6,contango
2025-07-04,-0.03377621838581818,6,contango
2025-07-07,-0.023563229672900095,6,contango
2025-07-08,-0.033422181450160175,6,contango
2025-07-09,-0.046224421696641586,6,contango
2025-07-10,-0.03958882870036216,6,contango
2025-07-11,0.01286817454126085,6,contango
2025-07-14,0.02146647628441842,6,contango
2025-07-15,0.014612276285544196,5,contango
2025-07-16,0.01987249612780903,5,contango
2025-07-17,0.012361927991187183,5,contango
2025-07-18,0.01676160733859176,5,contango
2025-07-21,0.01854179731818156,5,contango
2025-07-22,0.02302923788072977,5,contango
2025-07-23,0.0266009152624692,5,contango
2025-07-24,0.02239745502099896,5,contango
2025-07-25,0.02342603048410057,5,contango
2025-07-28,0.03696044014413511,5,contango
2025-07-29,0.025737942390709857,5,contango
2025-07-30,0.03776291841700112,5,contango
2025-07-31,0.0139289367861015,5,backwardation
2025-08-01,0.03381092933451717,5,contango
2025-08-04,0.034232210916288315,5,contango
2025-08-05,0.03657981285419071,5,contango
2025-08-06,0.047091509904855194,5,contango
2025-08-07,0.040183942795779005,5,contango
2025-08-08,0.05064255298488946,5,contango
2025-08-11,0.05803964723094093,5,contango
2025-08-12,0.05387173167607104,6,contango
2025-08-13,0.053023819777817324,6,contango
2025-08-14,0.053294616520070386,6,contango
2025-08-15,0.05934832692840098,5,contango
2025-08-18,0.05952763155050708,5,contango
2025-08-19,0.0589160539837118,5,contango
2025-08-20,0.05659383429654093,5,contango
2025-08-21,0.05342069945449753,5,contango
2025-08-22,0.05650571839067652,5,contango
2025-08-25,0.055746746218169926,5,contango
2025-08-26,0.05958830135458902,5,contango
2025-08-27,0.0588910823358556,5,contango
2025-08-28,0.056907289670859444,5,contango
2025-08-29,0.05632239616811678,5,contango
2025-09-01,0.04884350804900857,5,contango
2025-09-02,0.05476917349354023,5,contango
2025-09-03,0.0533565918635217,5,contango
2025-09-04,0.05597922851024478,5,contango
2025-09-05,0.04959820022401385,5,contango
2025-09-08,0.05239819724029813,5,contango
2025-09-09,0.05723398406198363,5,contango
2025-09-10,0.052972798486958114,5,contango
2025-09-11,0.05418045723549839,5,contango
2025-09-12,0.05077668448551594,5,contango
2025-09-15,0.05564439302273675,4,contango
2025-09-16,0.061990308677420114,4,contango
2025-09-17,0.059710393464338915,4,contango
2025-09-18,0.05968428047405214,4,contango
2025-09-19,0.06194126735086107,5,contango
2025-09-22,0.045636130241012,5,contango
2025-09-23,0.04872341498142556,5,contango
2025-09-24,0.05112126040514625,5,contango
2025-09-25,0.048310227030236574,5,contango
2025-09-26,0.04390344051930127,6,contango
2025-09-29,0.040412096901516315,6,contango
2025-09-30,0.04210072493961448,6,contango
2025-10-09,0.03879259052944708,6,contango
2025-10-10,0.044449347970909145,6,contango
2025-10-13,0.0510121517523204,6,contango
2025-10-14,0.057755584840398416,6,contango
2025-10-15,0.06522723407358202,5,contango
2025-10-16,0.056847946125592776,5,contango
2025-10-17,0.05620243907540294,5,contango
2025-10-20,0.05968548033982952,5,contango
2025-10-21,0.04986874517735822,5,contango
2025-10-22,0.024790571808725948,5,contango
2025-10-23,0.018214659756387634,5,contango
2025-10-24,0.0038856245766048787,5,contango
2025-10-27,0.006284209800957363,5,contango
2025-10-28,0.010994145206575726,5,contango
2025-10-29,0.015212785374580307,5,contango
2025-10-30,0.0340910588377078,5,contango
2025-10-31,0.03529817036736115,5,contango
2025-11-03,0.04381425475942719,5,contango
2025-11-04,0.05790498058906703,5,contango
2025-11-05,0.0391346841573613,5,contango
2025-11-06,0.023078219539873424,5,contango
2025-11-07,0.014838699955865476,5,contango
2025-11-10,0.018340328145823658,5,contango
2025-11-11,0.06172178744896194,5,contango
2025-11-12,0.06602453284591492,6,contango
2025-11-13,0.06794763563692953,5,contango
2025-11-14,0.07914092660195127,5,contango
2025-11-17,0.0698177313666099,4,contango
2025-11-18,0.07344796859658109,4,contango
2025-11-19,0.08216975465554233,4,contango
2025-11-20,0.07756377323089046,5,contango
2025-11-21,0.0849610001373885,5,contango
2025-11-24,0.07710011855516706,5,contango
2025-11-25,0.07798285027554028,5,contango
2025-11-26,0.07057825378364566,5,contango
2025-11-27,0.07917822146550008,5,contango
2025-11-28,0.07017118107585411,5,contango
2025-12-01,0.06896254022300219,5,contango
2025-12-02,0.0668717144581456,5,contango
2025-12-03,0.07269403333281696,5,contango
2025-12-04,0.08751835954613482,5,contango
2025-12-05,0.08157038184586239,5,contango
2025-12-08,0.09799539080620856,5,contango
2025-12-09,0.09791566823321987,5,contango
2025-12-10,0.09571589741202872,5,contango
2025-12-11,0.10330054584840341,5,contango
2025-12-12,0.09654251825036891,5,contango
2025-12-15,0.10730505309939208,4,contango
2025-12-16,0.0916338696017276,4,contango
2025-12-17,0.07615219587725172,4,contango
2025-12-18,0.07975381521834135,4,contango
2025-12-19,0.07426824180626315,4,contango
2025-12-22,0.06761246952771836,4,contango
2025-12-23,0.05439970111180844,4,contango
2025-12-24,0.0399550176612049,4,contango
2025-12-25,0.06953850185501376,4,contango
2025-12-26,0.0772768634243186,5,contango
2025-12-29,0.07381294800949732,5,contango
2025-12-30,0.08312092798788592,5,contango
2025-12-31,0.09744478218323055,5,contango
2026-01-05,0.1053077417540061,5,contango
2026-01-06,0.08268783946415421,5,contango
2026-01-07,0.0841080801739735,6,contango
2026-01-08,0.07971039217189142,6,contango
2026-01-09,0.05703839878591682,6,contango
2026-01-12,0.05978346390401887,6,contango
2026-01-13,0.053947355942396566,6,contango
2026-01-14,0.040431731809074334,6,contango
2026-01-15,0.010269400907216326,4,contango
2026-01-16,-0.00932994651979632,5,contango
2026-01-19,-0.0006597410869771566,5,contango
2026-01-20,-0.0025584211412854833,5,contango
2026-01-21,-0.052834460838633475,5,backwardation
2026-01-22,-0.027428609290428375,5,backwardation
2026-01-23,-0.012601446039482971,5,contango
2026-01-26,0.003054052342567643,5,contango
2026-01-27,0.02867849956279796,5,contango
2026-01-28,0.04507138965411358,5,contango
2026-01-29,0.05265689264697925,5,contango
2026-01-30,0.07530649081745881,5,contango
2026-02-02,0.06346692749643673,5,contango
2026-02-03,0.05321837151382878,5,contango
2026-02-04,0.04134375657213926,5,contango
2026-02-05,0.02439079854308896,6,contango
2026-02-06,0.028625185217234672,6,contango
2026-02-09,0.030677319399323125,6,contango
2026-02-10,0.014118945394557474,6,contango
2026-02-11,0.01719832067296284,6,contango
2026-02-12,0.02408274727446282,6,contango
2026-02-13,0.010524980237008387,5,contango
2026-02-24,0.015877136496912962,4,contango
2026-02-25,0.008181694463128124,5,contango
2026-02-26,0.013082747919175287,5,contango
2026-02-27,0.016343880110558973,5,contango
2026-03-02,-0.007269883511602328,5,contango
2026-03-03,0.007082527870218536,5,contango
2026-03-04,0.0005364099172037062,6,contango
2026-03-05,0.014398455698644836,5,contango
2026-03-06,0.01057892969832533,6,contango
2026-03-09,0.01966325772903845,6,contango
2026-03-10,0.04030906657317956,6,contango
2026-03-11,0.049177163207247215,6,contango
2026-03-12,0.047891716691091685,6,contango
2026-03-13,0.046155055915963236,6,contango
2026-03-16,-0.01814871272776774,5,contango
2026-03-17,-0.035671685600235786,5,backwardation
2026-03-18,-0.03729668294862749,5,backwardation
2026-03-19,-0.05059633374454799,5,backwardation
2026-03-20,-0.05130070038512144,5,backwardation
2026-03-23,-0.056318288525011334,5,backwardation
2026-03-24,-0.04998619305642751,5,backwardation
2026-03-25,-0.04662786443514717,5,backwardation
2026-03-26,-0.033522926602745196,5,backwardation
2026-03-27,-0.044487005242854274,5,backwardation
2026-03-30,-0.04135133967182696,5,backwardation
2026-03-31,-0.047636689653226975,5,backwardation
2026-04-01,-0.04798029214099563,5,backwardation
2026-04-02,-0.05639416037254205,5,backwardation
2026-04-03,-0.06787109720667334,5,backwardation
2026-04-07,-0.05351089343163113,5,backwardation
2026-04-08,-0.06522836174500393,5,backwardation
2026-04-09,-0.05047245612261925,5,backwardation
2026-04-10,-0.04757650084740222,5,backwardation
2026-04-13,-0.03144822800361184,5,backwardation
2026-04-14,-0.007284903855877375,5,contango
2026-04-15,-0.001192200096634044,4,contango
2026-04-16,-0.003792701231880564,4,contango
