trade_date,ic
2019-09-25,
2019-09-26,
2019-09-27,
2019-09-30,
2019-10-08,
2019-10-09,
2019-10-10,
2019-10-11,
2019-10-14,
2019-10-15,
2019-10-16,
2019-10-17,
2019-10-18,
2019-10-21,
2019-10-22,
2019-10-23,
2019-10-24,
2019-10-25,
2019-10-28,
2019-10-29,
2019-10-30,
2019-10-31,
2019-11-01,
2019-11-04,
2019-11-05,
2019-11-06,
2019-11-07,
2019-11-08,
2019-11-11,
2019-11-12,
2019-11-13,
2019-11-14,
2019-11-15,
2019-11-18,
2019-11-19,
2019-11-20,
2019-11-21,
2019-11-22,
2019-11-25,
2019-11-26,
2019-11-27,
2019-11-28,
2019-11-29,
2019-12-02,
2019-12-03,
2019-12-04,
2019-12-05,
2019-12-06,
2019-12-09,
2019-12-10,
2019-12-11,
2019-12-12,
2019-12-13,
2019-12-16,
2019-12-17,
2019-12-18,
2019-12-19,
2019-12-20,
2019-12-23,
2019-12-24,
2019-12-25,
2019-12-26,
2019-12-27,
2019-12-30,
2019-12-31,
2020-01-02,
2020-01-03,
2020-01-06,
2020-01-07,
2020-01-08,
2020-01-09,
2020-01-10,
2020-01-13,
2020-01-14,
2020-01-15,
2020-01-16,
2020-01-17,
2020-01-20,
2020-01-21,
2020-01-22,
2020-01-23,
2020-02-03,
2020-02-04,
2020-02-05,
2020-02-06,
2020-02-07,
2020-02-10,
2020-02-11,
2020-02-12,
2020-02-13,
2020-02-14,
2020-02-17,
2020-02-18,
2020-02-19,
2020-02-20,
2020-02-21,
2020-02-24,
2020-02-25,
2020-02-26,
2020-02-27,
2020-02-28,
2020-03-02,
2020-03-03,
2020-03-04,
2020-03-05,
2020-03-06,
2020-03-09,
2020-03-10,
2020-03-11,
2020-03-12,
2020-03-13,
2020-03-16,
2020-03-17,
2020-03-18,
2020-03-19,
2020-03-20,
2020-03-23,
2020-03-24,
2020-03-25,
2020-03-26,
2020-03-27,
2020-03-30,
2020-03-31,
2020-04-01,
2020-04-02,
2020-04-03,
2020-04-07,
2020-04-08,
2020-04-09,
2020-04-10,
2020-04-13,
2020-04-14,
2020-04-15,
2020-04-16,
2020-04-17,
2020-04-20,
2020-04-21,
2020-04-22,
2020-04-23,
2020-04-24,
2020-04-27,
2020-04-28,
2020-04-29,
2020-04-30,
2020-05-06,
2020-05-07,
2020-05-08,
2020-05-11,
2020-05-12,
2020-05-13,
2020-05-14,
2020-05-15,
2020-05-18,
2020-05-19,
2020-05-20,
2020-05-21,
2020-05-22,
2020-05-25,0.10436325472719912
2020-05-26,0.10551385109482024
2020-05-27,0.10219707745366052
2020-05-28,0.10920868505545976
2020-05-29,0.09600294573833512
2020-06-01,0.08397180118746399
2020-06-02,0.059442792574129266
2020-06-03,0.028073531923511877
2020-06-04,0.007696565002077338
2020-06-05,-0.014577366895627237
2020-06-08,-0.05067327517605964
2020-06-09,-0.08385014641984222
2020-06-10,-0.12051288346535449
2020-06-11,-0.15277328702924212
2020-06-12,-0.1820357867642676
2020-06-15,-0.18861412202201788
2020-06-16,-0.18869458479468754
2020-06-17,-0.18727510636398625
2020-06-18,-0.17910151844541294
2020-06-19,-0.1845574481862903
2020-06-22,-0.18926293608091752
2020-06-23,-0.19704144643288196
2020-06-24,-0.2068047751758147
2020-06-29,-0.23080339690706309
2020-06-30,-0.2204427876723976
2020-07-01,-0.17892516057148775
2020-07-02,-0.1674744148108775
2020-07-03,-0.12428486480212195
2020-07-06,-0.10098692620145233
2020-07-07,-0.08092758065686459
2020-07-08,-0.06966169334987624
2020-07-09,-0.043093412144405555
2020-07-10,-0.026162334281882423
2020-07-13,0.056111509703911405
2020-07-14,0.08139419517765462
2020-07-15,0.0843640420873815
2020-07-16,0.10032287693718643
2020-07-17,0.10505630292261572
2020-07-20,0.1370656411759332
2020-07-21,0.1283615350738744
2020-07-22,0.14802955296643236
2020-07-23,0.13751656521046293
2020-07-24,0.11880761490299631
2020-07-27,0.08911169395804303
2020-07-28,0.06872047270586804
2020-07-29,0.033926808207514494
2020-07-30,-0.07490617253090834
2020-07-31,-0.07906114178675792
2020-08-03,-0.07445277516548919
2020-08-04,-0.04894486043131858
2020-08-05,-0.029598920399487402
2020-08-06,0.004914575225541026
2020-08-07,0.009416215598182868
2020-08-10,-0.033080862149133534
2020-08-11,-0.055796911394010155
2020-08-12,-0.07873095343331324
2020-08-13,-0.1121936397094238
2020-08-14,-0.11214832913371238
2020-08-17,-0.05761773310555387
2020-08-18,-0.057458938713320196
2020-08-19,-0.07690387886134917
2020-08-20,-0.09808907583685496
2020-08-21,-0.1026966795659112
2020-08-24,-0.10828497949532032
2020-08-25,-0.10491528307129412
2020-08-26,-0.08516910762619416
2020-08-27,-0.05038103990692406
2020-08-28,-0.013555163682857207
2020-08-31,0.030169843457673866
2020-09-01,0.09993170430783878
2020-09-02,0.206839499437855
2020-09-03,0.2843038023642613
2020-09-04,0.35271756836297513
2020-09-07,0.3934431693882377
2020-09-08,0.39260721434899587
2020-09-09,0.3767283473027121
2020-09-10,0.3659476363111561
2020-09-11,0.35324353095822747
2020-09-14,0.35269712562048716
2020-09-15,0.3852851607821996
2020-09-16,0.4252767361100515
2020-09-17,0.4392103015133548
2020-09-18,0.42733617163201015
2020-09-21,0.4206002637103228
2020-09-22,0.3643269839436775
2020-09-23,0.32601839555878076
2020-09-24,0.2815301602491159
2020-09-25,0.28554211753096137
2020-09-28,0.27765749284188407
2020-09-29,0.2779729205084174
2020-09-30,0.28483914735802734
2020-10-09,0.27169523544913526
2020-10-12,0.2784124685928821
2020-10-13,0.2871322746504446
2020-10-14,0.28548079805779897
2020-10-15,0.2933196110804393
2020-10-16,0.3003454582993901
2020-10-19,0.3082841756882463
2020-10-20,0.28420169749448554
2020-10-21,0.2762868653621557
2020-10-22,0.26316183981768987
2020-10-23,0.21574251152479132
2020-10-26,0.20561490039718053
2020-10-27,0.19939001974843276
2020-10-28,0.22000281652932738
2020-10-29,0.17269876269260442
2020-10-30,0.1573860757453382
2020-11-02,0.13622494106830413
2020-11-03,0.12149810264863932
2020-11-04,0.12374431669680412
2020-11-05,0.12392385896915979
2020-11-06,0.11608983586139746
2020-11-09,0.11871735739872248
2020-11-10,0.12510403494561134
2020-11-11,0.1004114010648155
2020-11-12,0.0836684567214887
2020-11-13,0.07504566127135666
2020-11-16,0.08601504866982551
2020-11-17,0.06834869312601215
2020-11-18,0.06262713570597105
2020-11-19,0.07134094026563081
2020-11-20,0.10066327203948462
2020-11-23,0.09204142007951638
2020-11-24,0.09864168074074393
2020-11-25,0.1217716343164946
2020-11-26,0.13816625462979615
2020-11-27,0.14154594386280717
2020-11-30,0.15732054219946523
2020-12-01,0.17187601294986396
2020-12-02,0.17966781283107292
2020-12-03,0.16937863050307178
2020-12-04,0.16055626663024528
2020-12-07,0.15282399429655533
2020-12-08,0.16809940025627496
2020-12-09,0.18059936955730937
2020-12-10,0.18329061952450534
2020-12-11,0.18064410510710469
2020-12-14,0.1760793468709106
2020-12-15,0.1283621522457138
2020-12-16,0.12333995650622039
2020-12-17,0.09607500018861363
2020-12-18,0.09960738519556066
2020-12-21,0.11983491527077843
2020-12-22,0.11896828369318155
2020-12-23,0.15985277750702698
2020-12-24,0.17027897156072574
2020-12-25,0.22011096362516921
2020-12-28,0.2216620768177152
2020-12-29,0.21277097415959895
2020-12-30,0.18359759332780765
2020-12-31,0.15188483541530015
2021-01-04,0.17000292531292607
2021-01-05,0.1696682456898699
2021-01-06,0.1704402368711616
2021-01-07,0.155685640706744
2021-01-08,0.16239545621986828
2021-01-11,0.17626394150960706
2021-01-12,0.14925049624584927
2021-01-13,0.14941230166853775
2021-01-14,0.14454154907998762
2021-01-15,0.1443601789142347
2021-01-18,0.17664326562128588
2021-01-19,0.1824171430070975
2021-01-20,0.18200776448443917
2021-01-21,0.137383089557733
2021-01-22,0.12318517973795548
2021-01-25,0.10296099397201018
2021-01-26,0.09736605517916375
2021-01-27,0.08396979320374613
2021-01-28,0.07561992171607625
2021-01-29,0.06654841123201244
2021-02-01,0.06550588761926104
2021-02-02,0.044525270697645565
2021-02-03,-0.022046799187764237
2021-02-04,-0.08894844991412075
2021-02-05,-0.12148526422792393
2021-02-08,-0.10886412785536487
2021-02-09,-0.10325042806696713
2021-02-10,-0.09652475421913796
2021-02-18,-0.09578793952147513
2021-02-19,-0.11347133000629857
2021-02-22,-0.10706727801907331
2021-02-23,-0.06996175787995768
2021-02-24,-0.05920448421287693
2021-02-25,-0.021505999950491256
2021-02-26,-0.002991867385045201
2021-03-01,0.013448476304075085
2021-03-02,0.050732486788788
2021-03-03,0.06530100076767528
2021-03-04,0.06339653875763442
2021-03-05,0.09640217552216487
2021-03-08,0.10087687120243512
2021-03-09,0.10007948484318556
2021-03-10,0.08503776425162515
2021-03-11,0.07906661240988959
2021-03-12,0.07854020337842393
2021-03-15,0.0772228383551635
2021-03-16,0.08521983472189001
2021-03-17,0.11110484333574204
2021-03-18,0.11606377243931301
2021-03-19,0.13635576365129512
2021-03-22,0.1388321405755839
2021-03-23,0.1357328396533947
2021-03-24,0.14353582882971672
2021-03-25,0.12675847805139265
2021-03-26,0.10008873407090446
2021-03-29,0.08009711631281428
2021-03-30,0.054988644833750086
2021-03-31,0.059064236649059555
2021-04-01,0.07983533691893363
2021-04-02,0.0925633082860241
2021-04-06,0.06898762269296513
2021-04-07,0.03680869797328386
2021-04-08,0.01854602481480389
2021-04-09,0.011677394571526273
2021-04-12,0.000899653408230616
2021-04-13,-0.000562103015058203
2021-04-14,0.021328739802022444
2021-04-15,0.03564585492814617
2021-04-16,0.05416655476633203
2021-04-19,0.07319934121548627
2021-04-20,0.10395634069596718
2021-04-21,0.12609779455411632
2021-04-22,0.15099558813973776
2021-04-23,0.1693478231136146
2021-04-26,0.1986244686586504
2021-04-27,0.20681332592072818
2021-04-28,0.221886128613756
2021-04-29,0.2510328506295203
2021-04-30,0.29545770509070607
2021-05-06,0.2986255327134813
2021-05-07,0.29976171896482273
2021-05-10,0.30230461367785444
2021-05-11,0.3032511384199634
2021-05-12,0.3248061932898652
2021-05-13,0.35205911802823053
2021-05-14,0.3681076399286632
2021-05-17,0.38204707151300005
2021-05-18,0.3996457288613771
2021-05-19,0.3969873686130345
2021-05-20,0.3935590524162963
2021-05-21,0.39330294430859664
2021-05-24,0.37940210915331474
2021-05-25,0.3797592038790539
2021-05-26,0.33971998611619303
2021-05-27,0.30853244362561655
2021-05-28,0.2816145048325852
2021-05-31,0.23674150095400978
2021-06-01,0.1909246835672829
2021-06-02,0.19074177946504325
2021-06-03,0.1658096601371799
2021-06-04,0.16950835809933754
2021-06-07,0.1710068931692827
2021-06-08,0.18361369857750007
2021-06-09,0.17519009137406164
2021-06-10,0.17009664078310308
2021-06-11,0.18285828900043152
2021-06-15,0.19690746206401788
2021-06-16,0.2018906615165608
2021-06-17,0.21495927278177376
2021-06-18,0.23403236785863493
2021-06-21,0.24304013909095037
2021-06-22,0.24704934918983046
2021-06-23,0.23497904717746845
2021-06-24,0.25613839689238915
2021-06-25,0.29762661556357706
2021-06-28,0.3160254084933148
2021-06-29,0.33976866514736487
2021-06-30,0.3456724496892025
2021-07-01,0.33367180534752394
2021-07-02,0.29297609676678527
2021-07-05,0.29575151761072893
2021-07-06,0.3069379934725419
2021-07-07,0.25649943006082654
2021-07-08,0.19169791613618795
2021-07-09,0.13900230796782886
2021-07-12,0.09026520301110022
2021-07-13,0.0835921832739374
2021-07-14,0.0850024313635153
2021-07-15,0.09857517476315326
2021-07-16,0.09907924909863769
2021-07-19,0.07614876430921498
2021-07-20,0.06430836467473479
2021-07-21,0.04268188144806164
2021-07-22,0.02637452019384313
2021-07-23,0.006029959136289969
2021-07-26,0.018436050950452858
2021-07-27,0.03504643195001652
2021-07-28,0.02811281124330785
2021-07-29,-0.005346978145775132
2021-07-30,0.01120008639802425
2021-08-02,0.05032894295691506
2021-08-03,0.05045354074542696
2021-08-04,0.06333919284969308
2021-08-05,0.06720241736250097
2021-08-06,0.06620605077617785
2021-08-09,0.07600858288778137
2021-08-10,0.08927501711766452
2021-08-11,0.11270988657024734
2021-08-12,0.15871589393821856
2021-08-13,0.15680101619973535
2021-08-16,0.15898588706828623
2021-08-17,0.1449854943180452
2021-08-18,0.09516483284489968
2021-08-19,0.0810504740399416
2021-08-20,0.07208108077410075
2021-08-23,0.0834381069551096
2021-08-24,0.10763482093141377
2021-08-25,0.12081141238149837
2021-08-26,0.13014041637012966
2021-08-27,0.17184134504698095
2021-08-30,0.14821271109129852
2021-08-31,0.13506490172671826
2021-09-01,0.11387787459828998
2021-09-02,0.12534502455777038
2021-09-03,0.13510506879927509
2021-09-06,0.15910280902015148
2021-09-07,0.17359133849747768
2021-09-08,0.16824953103057824
2021-09-09,0.14484463953762003
2021-09-10,0.12246571895914893
2021-09-13,0.11194511613096769
2021-09-14,0.14913716142172848
2021-09-15,0.14417150860272776
2021-09-16,0.13474695669977263
2021-09-17,0.1632390852916122
2021-09-22,0.08479617709696032
2021-09-23,0.009605394595851016
2021-09-24,0.02713273307864166
2021-09-27,0.023290956253408886
2021-09-28,0.017569189767020498
2021-09-29,0.018560532327574562
2021-09-30,0.018241593684971552
2021-10-08,0.028866636781219892
2021-10-11,0.05275966577486381
2021-10-12,0.06383030195954471
2021-10-13,0.07072983689935892
2021-10-14,0.07888150324711563
2021-10-15,0.06380997779618705
2021-10-18,0.04230659144983782
2021-10-19,0.04414388224948981
2021-10-20,0.057885582351562284
2021-10-21,0.06223301126799115
2021-10-22,0.08533146665189767
2021-10-25,0.1098200839836189
2021-10-26,0.15486398706834537
2021-10-27,0.161113505960975
2021-10-28,0.17090232655401433
2021-10-29,0.12512141725634057
2021-11-01,0.08711495227546978
2021-11-02,0.05088696421909589
2021-11-03,0.007355126532879979
2021-11-04,-0.036748518140429724
2021-11-05,-0.09749634727687691
2021-11-08,-0.1435956922577721
2021-11-09,-0.1681165657481101
2021-11-10,-0.1818140347112919
2021-11-11,-0.18445897247517576
2021-11-12,-0.17326859977904238
2021-11-15,-0.18154489728008477
2021-11-16,-0.18917664167201734
2021-11-17,-0.1885358449085706
2021-11-18,-0.17537398425104567
2021-11-19,-0.18329233565884995
2021-11-22,-0.18797771744131964
2021-11-23,-0.19417992509460721
2021-11-24,-0.18927534542854763
2021-11-25,-0.1835345753411646
2021-11-26,-0.18613510520889226
2021-11-29,-0.19129012326495162
2021-11-30,-0.21090826978572622
2021-12-01,-0.20824980891617575
2021-12-02,-0.1991797612760331
2021-12-03,-0.16506683324761512
2021-12-06,-0.1382310185390851
2021-12-07,-0.11217958412987217
2021-12-08,-0.12390101297570252
2021-12-09,-0.14317716955553098
2021-12-10,-0.14872227184337458
2021-12-13,-0.12120189353075675
2021-12-14,-0.08846600953536153
2021-12-15,-0.0546105489364413
2021-12-16,-0.05610318076569772
2021-12-17,-0.10441291062443063
2021-12-20,-0.16095739068174258
2021-12-21,-0.25368919959273056
2021-12-22,-0.29959939257145074
2021-12-23,-0.3273121893257355
2021-12-24,-0.3551633724840962
2021-12-27,-0.3768512836095832
2021-12-28,-0.38500623004119294
2021-12-29,-0.37941801114820245
2021-12-30,-0.37313214319437654
2021-12-31,-0.38444498674642846
2022-01-04,-0.40853401331213574
2022-01-05,-0.4327495474126511
2022-01-06,-0.4480813869095528
2022-01-07,-0.48107972458926324
2022-01-10,-0.478059924240304
2022-01-11,-0.4751863081128821
2022-01-12,-0.4747546251382583
2022-01-13,-0.49019119196076405
2022-01-14,-0.5048324471218515
2022-01-17,-0.518765523069723
2022-01-18,-0.5025426516549004
2022-01-19,-0.5271275132490649
2022-01-20,-0.46905647091110475
2022-01-21,-0.4299035433358983
2022-01-24,-0.4090458856211216
2022-01-25,-0.4395981986167115
2022-01-26,-0.4557256701095875
2022-01-27,-0.4647715279363808
2022-01-28,-0.4580416990033769
2022-02-07,-0.4335399422338032
2022-02-08,-0.40364284405675943
2022-02-09,-0.39206193855589166
2022-02-10,-0.3714564085921462
2022-02-11,-0.36448796180846577
2022-02-14,-0.37963108526557005
2022-02-15,-0.3876654724850209
2022-02-16,-0.3730059490642059
2022-02-17,-0.40559724596455093
2022-02-18,-0.46496640656087107
2022-02-21,-0.40630624427206896
2022-02-22,-0.3722807700844465
2022-02-23,-0.32866570220591823
2022-02-24,-0.29663705856240624
2022-02-25,-0.2841880858715514
2022-02-28,-0.25993186686380176
2022-03-01,-0.22575395965631045
2022-03-02,-0.22651309107998455
2022-03-03,-0.19956038435299256
2022-03-04,-0.15788495676556213
2022-03-07,-0.036776907042557594
2022-03-08,0.10624649675449874
2022-03-09,0.16049584208154438
2022-03-10,0.15006025307321744
2022-03-11,0.13639408946753928
2022-03-14,0.133349561548036
2022-03-15,0.14021704120578576
2022-03-16,0.1463811891027411
2022-03-17,0.13243293355588487
2022-03-18,0.13314943993948095
2022-03-21,0.13131918978309973
2022-03-22,0.1313396049765248
2022-03-23,0.1288155882161519
2022-03-24,0.13446007981324964
2022-03-25,0.14583283639204805
2022-03-28,0.14627270945831544
2022-03-29,0.14371096449209092
2022-03-30,0.14267799881317947
2022-03-31,0.14510598208624015
2022-04-01,0.15416804229687647
2022-04-06,0.14479841738457447
2022-04-07,0.13646943988191249
2022-04-08,0.11877012424866548
2022-04-11,0.10926880877354057
2022-04-12,0.10123333628867509
2022-04-13,0.11054928557762086
2022-04-14,0.11844327582497084
2022-04-15,0.14434851461426965
2022-04-18,0.12777004733346523
2022-04-19,0.12727386919162323
2022-04-20,0.11664576421931708
2022-04-21,0.1184994597649501
2022-04-22,0.11246616081856992
2022-04-25,0.11894684177898346
2022-04-26,0.09649394838768849
2022-04-27,0.09241081257358527
2022-04-28,0.12042901532265593
2022-04-29,0.1370953355923442
2022-05-05,0.11955257206731028
2022-05-06,0.11736271558657163
2022-05-09,0.10618529906762816
2022-05-10,0.09871033979968472
2022-05-11,0.07921471053535883
2022-05-12,0.07116882247969497
2022-05-13,0.0719476865589024
2022-05-16,0.05593669756013958
2022-05-17,0.04997653671261811
2022-05-18,0.0642886634667052
2022-05-19,0.052506564913169844
2022-05-20,0.026948047054830702
2022-05-23,0.008922094154133118
2022-05-24,-0.0005230480435358887
2022-05-25,-0.020994940284987263
2022-05-26,-0.00699444683235565
2022-05-27,0.014650943854170288
2022-05-30,0.015014843240282946
2022-05-31,0.05649266759239328
2022-06-01,0.1204316709071968
2022-06-02,0.18423790481916522
2022-06-06,0.18451067460042053
2022-06-07,0.10997766446143725
2022-06-08,-0.12426413576081524
2022-06-09,-0.1830848963838476
2022-06-10,-0.23682646175344804
2022-06-13,-0.18157513627552108
2022-06-14,-0.12443466910100792
2022-06-15,-0.09188881682288394
2022-06-16,-0.05301140083119573
2022-06-17,-0.002081375658899687
2022-06-20,-0.08819463699162712
2022-06-21,-0.17011947090921598
2022-06-22,-0.23816626176564232
2022-06-23,-0.29981421235488287
2022-06-24,-0.34942526533927887
2022-06-27,-0.38561990958531656
2022-06-28,-0.3548147694042881
2022-06-29,-0.33862802634217526
2022-06-30,-0.3494466647339309
2022-07-01,-0.35424200004911677
2022-07-04,-0.3495543853948881
2022-07-05,-0.36187620610744037
2022-07-06,-0.35285651240276406
2022-07-07,-0.3451898568284836
2022-07-08,-0.3550308959084678
2022-07-11,-0.33227353921975694
2022-07-12,-0.3249213217198232
2022-07-13,-0.3355537350145521
2022-07-14,-0.3364026082608777
2022-07-15,-0.34683136867064224
2022-07-18,-0.4112795449362698
2022-07-19,-0.4222444839841159
2022-07-20,-0.4278685423309281
2022-07-21,-0.43404330487663717
2022-07-22,-0.3931789998091367
2022-07-25,-0.36800200259431914
2022-07-26,-0.33942195784407014
2022-07-27,-0.3271821878746028
2022-07-28,-0.3407679206325433
2022-07-29,-0.3560379998860265
2022-08-01,-0.3401181708075763
2022-08-02,-0.33742282716379407
2022-08-03,-0.33379194519729677
2022-08-04,-0.3603733837129594
2022-08-05,-0.37071432404168736
2022-08-08,-0.35265988664333575
2022-08-09,-0.3762829533212891
2022-08-10,-0.3995841993006128
2022-08-11,-0.36754756783599
2022-08-12,-0.3664504506795638
2022-08-15,-0.36871097381080875
2022-08-16,-0.34250695213846505
2022-08-17,-0.31994555313268447
2022-08-18,-0.32821639891037185
2022-08-19,-0.3470323481516156
2022-08-22,-0.3577410540122082
2022-08-23,-0.35414503741609665
2022-08-24,-0.34859940110124404
2022-08-25,-0.3539545351243681
2022-08-26,-0.3549487350067045
2022-08-29,-0.3759974626077577
2022-08-30,-0.39312554572771113
2022-08-31,-0.4157986856164223
2022-09-01,-0.4383521024238114
2022-09-02,-0.4727978768340019
2022-09-05,-0.47892100960339107
2022-09-06,-0.48626805778583687
2022-09-07,-0.49896440618412813
2022-09-08,-0.511122508343107
2022-09-09,-0.4972531051071992
2022-09-13,-0.46283733339994115
2022-09-14,-0.4123689109603485
2022-09-15,-0.3550172978106017
2022-09-16,-0.2713152087098469
2022-09-19,-0.23189160924839833
2022-09-20,-0.2165978517875461
2022-09-21,-0.22616499804137968
2022-09-22,-0.2260780847167076
2022-09-23,-0.22616300346155493
2022-09-26,-0.2206731104782757
2022-09-27,-0.21301619443561282
2022-09-28,-0.20696416726551606
2022-09-29,-0.2089204802921136
2022-09-30,-0.21918171857306662
2022-10-10,-0.18714245308523314
2022-10-11,-0.17737268139111673
2022-10-12,-0.1563740007447602
2022-10-13,-0.10488156690863101
2022-10-14,-0.05386220443862332
2022-10-17,-0.034049457963860025
2022-10-18,-0.0067363264170793085
2022-10-19,0.029565492081983183
2022-10-20,0.09134562075008944
2022-10-21,0.07665693308910705
2022-10-24,0.09158195226804391
2022-10-25,0.081114259387498
2022-10-26,0.06042916639885999
2022-10-27,0.009845744478884214
2022-10-28,0.005956336365316356
2022-10-31,-0.02391304543670324
2022-11-01,-0.02649461888241853
2022-11-02,-0.0071684940465247685
2022-11-03,0.03048403005513374
2022-11-04,0.06527109001570743
2022-11-07,0.114725288494534
2022-11-08,0.10823239105305645
2022-11-09,0.1185494666294228
2022-11-10,0.12306091815536563
2022-11-11,0.16090837871412828
2022-11-14,0.16318555611928529
2022-11-15,0.1816242160268781
2022-11-16,0.22426064373755245
2022-11-17,0.19129559762057716
2022-11-18,0.16466363597578498
2022-11-21,0.1619970748048857
2022-11-22,0.16270280012962665
2022-11-23,0.16016712477833472
2022-11-24,0.14392120439728892
2022-11-25,0.14119817843738824
2022-11-28,0.09685754712775595
2022-11-29,0.06716706768805009
2022-11-30,0.02850462982277947
2022-12-01,0.00848030106910026
2022-12-02,-0.02489339115006677
2022-12-05,-0.05376603415377703
2022-12-06,-0.10152806306771353
2022-12-07,-0.13022447447619712
2022-12-08,-0.14913311579730873
2022-12-09,-0.140542275126246
2022-12-12,-0.09627073863985078
2022-12-13,-0.04546301195868169
2022-12-14,-0.006359510360238735
2022-12-15,0.03639481540882662
2022-12-16,0.12751505726141965
2022-12-19,0.13417548489770878
2022-12-20,0.12911459335083356
2022-12-21,0.14743285281037638
2022-12-22,0.14839227796414475
2022-12-23,0.13052035588965377
2022-12-26,0.12471162154852058
2022-12-27,0.12656736749669556
2022-12-28,0.1305106721694507
2022-12-29,0.13790720669277579
2022-12-30,0.126524925119186
2023-01-03,0.10208508525286955
2023-01-04,0.0696114287898519
2023-01-05,0.01491717202147906
2023-01-06,-0.05685741843128765
2023-01-09,-0.05838786866202494
2023-01-10,-0.062006346178475065
2023-01-11,-0.10090264280782209
2023-01-12,-0.11287087647285804
2023-01-13,-0.10434146819003105
2023-01-16,-0.0839414094413008
2023-01-17,-0.055546845635428346
2023-01-18,-0.020573409727674654
2023-01-19,0.0015335535051866711
2023-01-20,0.03341777982128612
2023-01-30,0.03108095902156151
2023-01-31,0.03025174878331516
2023-02-01,0.03107721784312345
2023-02-02,0.05136335766193755
2023-02-03,0.05385218810041835
2023-02-06,0.01741079835793491
2023-02-07,-0.00047203069381285116
2023-02-08,-0.046445008982303214
2023-02-09,-0.13095058499426157
2023-02-10,-0.13966691120877892
2023-02-13,-0.12393765010271847
2023-02-14,-0.10376836024358764
2023-02-15,-0.07835015681515567
2023-02-16,-0.07918503962138305
2023-02-17,-0.07223997283625734
2023-02-20,-0.06649799450310541
2023-02-21,-0.09939847554302708
2023-02-22,-0.13746237833601865
2023-02-23,-0.16344996757144917
2023-02-24,-0.17043888372894406
2023-02-27,-0.1765422637148578
2023-02-28,-0.1622347867247435
2023-03-01,-0.1382111982814367
2023-03-02,-0.13851430451021937
2023-03-03,-0.15215399760429596
2023-03-06,-0.17062684701706027
2023-03-07,-0.15125308031534623
2023-03-08,-0.14834199565121237
2023-03-09,-0.1366663324487109
2023-03-10,-0.13133245094380683
2023-03-13,-0.1384249789822872
2023-03-14,-0.17335897115863771
2023-03-15,-0.19500278795580397
2023-03-16,-0.24596218813724685
2023-03-17,-0.3048720882158372
2023-03-20,-0.5275690350110637
2023-03-21,-0.49691661179390306
2023-03-22,-0.4638518469220942
2023-03-23,-0.4561927151172785
2023-03-24,-0.47227561484327596
2023-03-27,-0.46718660643394855
2023-03-28,-0.49250791657338516
2023-03-29,-0.4953402185281618
2023-03-30,-0.49305254804588167
2023-03-31,-0.4927609861872411
2023-04-03,-0.468053525794228
2023-04-04,-0.4161812288715531
2023-04-06,-0.3510688730479365
2023-04-07,-0.3309916397816153
2023-04-10,-0.2738472733624069
2023-04-11,-0.2596183304984222
2023-04-12,-0.2564443261074346
2023-04-13,-0.19238445188381254
2023-04-14,-0.09894819522434495
2023-04-17,-0.0559280647494635
2023-04-18,-0.040412323200272875
2023-04-19,-0.033302569567016015
2023-04-20,-0.022971704072924416
2023-04-21,-0.03313350901096825
2023-04-24,-0.052986407756638446
2023-04-25,-0.05287654715072232
2023-04-26,-0.06004762758451177
2023-04-27,-0.08184856728096765
2023-04-28,-0.05814156829870502
2023-05-04,-0.0724077284516203
2023-05-05,-0.08690960738110079
2023-05-08,-0.09162440451917797
2023-05-09,-0.09945887376490377
2023-05-10,-0.11257177822585006
2023-05-11,-0.10098537799541805
2023-05-12,-0.09211576538879222
2023-05-15,-0.07128326120334388
2023-05-16,-0.03582074473185047
2023-05-17,-0.03694916690020866
2023-05-18,-0.01894065517280099
2023-05-19,-0.007178996214099356
2023-05-22,0.004208051758625534
2023-05-23,0.015159659865950043
2023-05-24,0.007837872017903192
2023-05-25,-0.018534366639032115
2023-05-26,-0.026076094846935294
2023-05-29,-0.023772342930197768
2023-05-30,-0.04487544795063211
2023-05-31,-0.06252634822103806
2023-06-01,-0.08627778599004304
2023-06-02,-0.10012260136459315
2023-06-05,-0.10419553009460245
2023-06-06,-0.10384677418505815
2023-06-07,-0.09347136170498763
2023-06-08,-0.09009935398085127
2023-06-09,-0.09593548432959877
2023-06-12,-0.10892693591702082
2023-06-13,-0.1357054601061664
2023-06-14,-0.14477021742505783
2023-06-15,-0.13209538375362234
2023-06-16,-0.11095960159045348
2023-06-19,-0.0861025970824149
2023-06-20,-0.06478159527562245
2023-06-21,-0.02578908621876377
2023-06-26,0.015490037453191306
2023-06-27,0.042611631033686134
2023-06-28,0.11314791357954246
2023-06-29,0.1227550474204096
2023-06-30,0.11898153871086815
2023-07-03,0.11191711272280151
2023-07-04,0.1109296772775079
2023-07-05,0.10455758398909333
2023-07-06,0.07635941923686423
2023-07-07,0.056390689818067254
2023-07-10,0.040813596992821125
2023-07-11,0.04507680448953343
2023-07-12,0.06344234339758383
2023-07-13,0.03910366890457684
2023-07-14,-0.015566450629002034
2023-07-17,-0.024106093523439606
2023-07-18,-0.022953937870254855
2023-07-19,-0.01875027412439637
2023-07-20,-0.004129048755111913
2023-07-21,0.005521312218156319
2023-07-24,0.0418080128540776
2023-07-25,0.04623932246433225
2023-07-26,0.043764707520674836
2023-07-27,0.03555256412393062
2023-07-28,-0.00717904831151235
2023-07-31,0.007339952816138126
2023-08-01,0.016455684851539053
2023-08-02,0.023003635302640033
2023-08-03,0.03930922918340006
2023-08-04,0.0657205816683549
2023-08-07,0.020849172440632956
2023-08-08,0.014941188398735109
2023-08-09,-0.02074082841932752
2023-08-10,-0.049587896876726344
2023-08-11,-0.019283221255867292
2023-08-14,-0.010359767013813125
2023-08-15,-0.017273727829575758
2023-08-16,-0.025579498166561243
2023-08-17,-0.055218792871676345
2023-08-18,-0.05817521529634284
2023-08-21,-0.05564724895475837
2023-08-22,-0.04298313555485815
2023-08-23,-0.04760313517537718
2023-08-24,-0.05091513047130237
2023-08-25,-0.0672458062977851
2023-08-28,-0.06680494048706274
2023-08-29,-0.06826203541148672
2023-08-30,-0.08711784412309083
2023-08-31,-0.07807356725262729
2023-09-01,-0.05413492742003012
2023-09-04,-0.026182789265341944
2023-09-05,-0.029701959718200156
2023-09-06,-0.013302681536592972
2023-09-07,0.02744715718070531
2023-09-08,0.07233299842775091
2023-09-11,0.10692898025486433
2023-09-12,0.16645986263456594
2023-09-13,0.14394072567277202
2023-09-14,0.1668761406177591
2023-09-15,0.18529102903960254
2023-09-18,0.2082882968412975
2023-09-19,0.20634443858361257
2023-09-20,0.2564031316998492
2023-09-21,0.2696013574820579
2023-09-22,0.24875202647605593
2023-09-25,0.23443428465723443
2023-09-26,0.20549384600659046
2023-09-27,0.20128344814200996
2023-09-28,0.19783071280551018
2023-10-09,0.21064769174013706
2023-10-10,0.22438470035227284
2023-10-11,0.22684391019240743
2023-10-12,0.22282082445203738
2023-10-13,0.18746313281023444
2023-10-16,0.14622374254764423
2023-10-17,0.0812473057392938
2023-10-18,0.030032569495369806
2023-10-19,-0.04346374568664691
2023-10-20,-0.034882515455055434
2023-10-23,0.0044554552125169716
2023-10-24,-0.0010001694341729938
2023-10-25,-0.01727851467991876
2023-10-26,-0.025278009551585864
2023-10-27,-0.004434342966098168
2023-10-30,0.014025303336391313
2023-10-31,0.013782107393918322
2023-11-01,0.005961300033245466
2023-11-02,0.013757467339859218
2023-11-03,0.0012464474124171951
2023-11-06,-0.029686464099429065
2023-11-07,-0.02572765114081984
2023-11-08,-0.033880840998205514
2023-11-09,0.0020536425734648785
2023-11-10,-0.04108149547915328
2023-11-13,-0.04061949367817611
2023-11-14,-0.03513774013243583
2023-11-15,-0.02323847072729495
2023-11-16,-0.03859821207425547
2023-11-17,-0.03381289159665567
2023-11-20,-0.03137377799362252
2023-11-21,-0.030388370730642794
2023-11-22,-0.04776081036335589
2023-11-23,-0.046793325268587545
2023-11-24,-0.03455108945315706
2023-11-27,-0.0337848332971039
2023-11-28,0.03808511051016483
2023-11-29,0.10194287302979561
2023-11-30,0.16856171642418072
2023-12-01,0.20162769324804514
2023-12-04,0.19685723515712883
2023-12-05,0.04427595204251682
2023-12-06,-0.026842805319222486
2023-12-07,-0.041894996924540705
2023-12-08,-0.051681147074078025
2023-12-11,-0.05236087022094977
2023-12-12,-0.07403330532245898
2023-12-13,-0.13892754115501535
2023-12-14,-0.17342002469815646
2023-12-15,-0.19910292643987382
2023-12-18,-0.22633101274682746
2023-12-19,-0.2476497155921267
2023-12-20,-0.2545837526951072
2023-12-21,-0.2989386466713224
2023-12-22,-0.30555381879953364
2023-12-25,-0.2942405355304715
2023-12-26,-0.29398923136073946
2023-12-27,-0.2927817654745974
2023-12-28,-0.3035697835863687
2023-12-29,-0.2990373501246872
2024-01-02,-0.3167462668483096
2024-01-03,-0.3358335971901629
2024-01-04,-0.3314553888997465
2024-01-05,-0.30658943299043
2024-01-08,-0.28105911698771513
2024-01-09,-0.24972813187064083
2024-01-10,-0.21330388700623398
2024-01-11,-0.21140706147316327
2024-01-12,-0.19301868359034624
2024-01-15,-0.19309218323359406
2024-01-16,-0.19083144743058705
2024-01-17,-0.2085036782235136
2024-01-18,-0.20416398669380043
2024-01-19,-0.1984277598703634
2024-01-22,-0.201625181382201
2024-01-23,-0.2064106846051942
2024-01-24,-0.23088536290685413
2024-01-25,-0.2653538107872488
2024-01-26,-0.27567559500141847
2024-01-29,-0.2829103495400322
2024-01-30,-0.26422071590271
2024-01-31,-0.24526674626434677
2024-02-01,-0.2364735448456748
2024-02-02,-0.22162377299384525
2024-02-05,-0.19103023874660702
2024-02-06,-0.16333984236786556
2024-02-07,-0.10723210364711086
2024-02-08,-0.06069079649013705
2024-02-19,-0.02506200604967551
2024-02-20,-0.002593932842572995
2024-02-21,0.022827000176446885
2024-02-22,0.03719951585657477
2024-02-23,0.03172866750067558
2024-02-26,0.02626033298019128
2024-02-27,0.016276054815356586
2024-02-28,0.002632139797970837
2024-02-29,-0.04469614846558494
2024-03-01,-0.0825033495103872
2024-03-04,-0.13032488759091512
2024-03-05,-0.15921631789704582
2024-03-06,-0.19699488320887606
2024-03-07,-0.1586060674160349
2024-03-08,-0.14258846637544279
2024-03-11,-0.13752217996326915
2024-03-12,-0.13136935453070242
2024-03-13,-0.12552619109132457
2024-03-14,-0.11583023451386286
2024-03-15,-0.06416999427104894
2024-03-18,0.008162655495094033
2024-03-19,0.054701936814095894
2024-03-20,0.1038555047513563
2024-03-21,0.1460200911060917
2024-03-22,0.17050881357288897
2024-03-25,0.19446900775669784
2024-03-26,0.17789668236425504
2024-03-27,0.1575514392006812
2024-03-28,0.14298785093617367
2024-03-29,0.12450722742376519
2024-04-01,0.0616408579215988
2024-04-02,0.047537475017084774
2024-04-03,0.010544992522303655
2024-04-08,0.010466277413364854
2024-04-09,-0.00031304200593666764
2024-04-10,-0.023814996833264688
2024-04-11,-0.07616659819805356
2024-04-12,-0.0955624668012542
2024-04-15,-0.13231593860622748
2024-04-16,-0.13551979548238566
2024-04-17,-0.14141668563272883
2024-04-18,-0.141996625551596
2024-04-19,-0.1436122869563742
2024-04-22,-0.10775745865664633
2024-04-23,-0.10826254082543099
2024-04-24,-0.1136751040147223
2024-04-25,-0.09901296833886382
2024-04-26,-0.07180250826792964
2024-04-29,-0.036227172600473194
2024-04-30,0.02018471231048956
2024-05-06,0.03364299507609237
2024-05-07,0.06382860904131449
2024-05-08,0.07358161315564259
2024-05-09,0.0790274260992528
2024-05-10,0.07395275568166558
2024-05-13,0.05371662774642031
2024-05-14,0.041102707021328844
2024-05-15,-0.04768499168674321
2024-05-16,-0.1275101967643374
2024-05-17,-0.2041636347342687
2024-05-20,-0.25171709109880086
2024-05-21,-0.30047944550619965
2024-05-22,-0.2927838334551621
2024-05-23,-0.3260338327593758
2024-05-24,-0.3062088837219749
2024-05-27,-0.30096408469555064
2024-05-28,-0.25007954769680535
2024-05-29,-0.20828774279951964
2024-05-30,-0.1135108961643132
2024-05-31,-0.08821535048180446
2024-06-03,-0.058624159969573444
2024-06-04,-0.06086753076662937
2024-06-05,-0.06833066143221403
2024-06-06,-0.05823079868762997
2024-06-07,-0.04839385104803174
2024-06-11,-0.0713564193704599
2024-06-12,-0.08169557018855851
2024-06-13,-0.08025875180673933
2024-06-14,-0.08695432466124411
2024-06-17,-0.0785931155830628
2024-06-18,-0.06512601722075809
2024-06-19,-0.045690940439692886
2024-06-20,-0.025446825340922647
2024-06-21,-0.00020765013778146582
2024-06-24,0.024284328179348703
2024-06-25,0.04354173754591718
2024-06-26,0.053317677803629435
2024-06-27,0.06506946047229187
2024-06-28,0.07141809375717824
2024-07-01,0.06324845200897893
2024-07-02,0.051175764128097316
2024-07-03,0.0014842724637532606
2024-07-04,-0.03547912200221401
2024-07-05,-0.08318803415376157
2024-07-08,-0.10617607035215303
2024-07-09,-0.10756489203452507
2024-07-10,-0.10911820179247558
2024-07-11,-0.13291469202146458
2024-07-12,-0.13860417285660995
2024-07-15,-0.1563162665158065
2024-07-16,-0.16096587759330047
2024-07-17,-0.12014663420189271
2024-07-18,-0.12157574242986857
2024-07-19,-0.10885351091037943
2024-07-22,-0.08456057374083334
2024-07-23,-0.08417800027731305
2024-07-24,-0.08335959281690762
2024-07-25,-0.08124186958105857
2024-07-26,-0.05931200687233975
2024-07-29,-0.04271247568972503
2024-07-30,-0.042222401308127634
2024-07-31,-0.05028857357632296
2024-08-01,-0.05911253890546383
2024-08-02,-0.08591486764955898
2024-08-05,-0.10548817182390582
2024-08-06,-0.09824961940664903
2024-08-07,-0.10638499244421766
2024-08-08,-0.04538802220117277
2024-08-09,0.002778268876531724
2024-08-12,0.0696769220684008
2024-08-13,0.14091236409849311
2024-08-14,0.2236447623254964
2024-08-15,0.2448218835675425
2024-08-16,0.3537114885734757
2024-08-19,0.3938394882698285
2024-08-20,0.40452976897216547
2024-08-21,0.39731319110084184
2024-08-22,0.3629495522848646
2024-08-23,0.307119853075837
2024-08-26,0.23791011777539267
2024-08-27,0.15979103894860525
2024-08-28,0.05867675963893702
2024-08-29,-0.029638132978924876
2024-08-30,-0.12219953855046596
2024-09-02,-0.2233151843267397
2024-09-03,-0.2827350467248942
2024-09-04,-0.3309161614616117
2024-09-05,-0.33503531424483585
2024-09-06,-0.35497681584775975
2024-09-09,-0.34168115090953366
2024-09-10,-0.30704930667039815
2024-09-11,-0.29942871818591404
2024-09-12,-0.30429975200039944
2024-09-13,-0.28697753770015016
2024-09-18,-0.2440035308314131
2024-09-19,-0.21150990041596496
2024-09-20,-0.16862989087959793
2024-09-23,-0.12488030671939276
2024-09-24,-0.100278268797097
2024-09-25,-0.13566732946376445
2024-09-26,-0.08942732859935414
2024-09-27,-0.10356236949493014
2024-09-30,-0.11863116906663328
2024-10-08,-0.12323300822250283
2024-10-09,-0.1555763100919909
2024-10-10,-0.14350961102594204
2024-10-11,-0.12329122852248804
2024-10-14,-0.08873418535854538
2024-10-15,-0.03992086003575733
2024-10-16,0.03378508618127633
2024-10-17,0.05616024121794782
2024-10-18,0.0644775313390222
2024-10-21,0.07502252715399417
2024-10-22,0.06728775641807282
2024-10-23,0.03960806311302355
2024-10-24,0.047769658598681645
2024-10-25,0.05600096878933053
2024-10-28,0.0932912764056749
2024-10-29,0.09882419462147249
2024-10-30,0.10849686686321455
2024-10-31,0.07114241866935449
2024-11-01,0.038593354862993985
2024-11-04,0.02430582138314638
2024-11-05,0.04134933023078127
2024-11-06,0.05381951415367412
2024-11-07,0.08763811931544574
2024-11-08,0.12888151458659622
2024-11-11,0.1553921192544546
2024-11-12,0.16733760435805894
2024-11-13,0.1673853314094062
2024-11-14,0.16152152348414264
2024-11-15,0.15002312393385497
2024-11-18,0.1462876186408755
2024-11-19,0.14992197364382456
2024-11-20,0.15447128744887448
2024-11-21,0.14745388341445184
2024-11-22,0.15229616783022992
2024-11-25,0.15287829336869888
2024-11-26,0.13149523777945446
2024-11-27,0.1363959642879214
2024-11-28,0.15478611559622885
2024-11-29,0.2016234459440306
2024-12-02,0.24878690191841035
2024-12-03,0.29895641154072095
2024-12-04,0.32648128946172056
2024-12-05,0.3307762190164724
2024-12-06,0.3542534341343249
2024-12-09,0.3667595294084624
2024-12-10,0.3872602593056186
2024-12-11,0.382750465788026
2024-12-12,0.36971615691583487
2024-12-13,0.37034565074981435
2024-12-16,0.41111314224668755
2024-12-17,0.43043430128257665
2024-12-18,0.4372575341905696
2024-12-19,0.4508033208672072
2024-12-20,0.44899542240043094
2024-12-23,0.3595814878629636
2024-12-24,0.2650839099863446
2024-12-25,0.19299790282365814
2024-12-26,-0.012506740899756123
2024-12-27,-0.2023444047872528
2024-12-30,-0.2501153456692942
2024-12-31,-0.21357083158322807
2025-01-02,-0.15936741703860385
2025-01-03,-0.05643098350944212
2025-01-06,0.07189769296138153
2025-01-07,0.15206077785420627
2025-01-08,0.1797534100964792
2025-01-09,0.2213286743091659
2025-01-10,0.26479408464260656
2025-01-13,0.16678707610561158
2025-01-14,0.1633259614330892
2025-01-15,0.16534066891994129
2025-01-16,0.13934972529558784
2025-01-17,0.0831789278169863
2025-01-20,0.10152196014999382
2025-01-21,0.12531308402469907
2025-01-22,0.16907608541879918
2025-01-23,0.21532691267617005
2025-01-24,0.25923733507626834
2025-01-27,0.2672811187324849
2025-02-05,0.17892967269710244
2025-02-06,0.09885166289096334
2025-02-07,0.03785289576953009
2025-02-10,-0.01845096919379973
2025-02-11,-0.048311503114673145
2025-02-12,-0.04324607668994387
2025-02-13,-0.026791540449965505
2025-02-14,-0.010581213080707929
2025-02-17,0.021796392084238475
2025-02-18,0.028970653755583067
2025-02-19,0.025341093299703847
2025-02-20,0.007667535233204649
2025-02-21,-0.009799192218033962
2025-02-24,-0.033152812643488364
2025-02-25,-0.054792069038180805
2025-02-26,-0.08353294234695548
2025-02-27,-0.095192816132572
2025-02-28,-0.11289714385004775
2025-03-03,-0.14901541915832195
2025-03-04,-0.1789050646837016
2025-03-05,-0.2033946826885529
2025-03-06,-0.21955644593242446
2025-03-07,-0.23950033949910365
2025-03-10,-0.21964554102846712
2025-03-11,-0.2007215296753219
2025-03-12,-0.19161066229964077
2025-03-13,-0.19761274058312042
2025-03-14,-0.17969755225250983
2025-03-17,-0.20659340867169726
2025-03-18,-0.22191290284357518
2025-03-19,-0.21197344526976122
2025-03-20,-0.20632407725954657
2025-03-21,-0.2200747230010998
2025-03-24,-0.20311718802290132
2025-03-25,-0.21538869231031815
2025-03-26,-0.23303056712315554
2025-03-27,-0.23220624722366864
2025-03-28,-0.14560976944278511
2025-03-31,-0.05830095886819867
2025-04-01,0.04718094972901713
2025-04-02,0.08885960210660084
2025-04-03,0.15128971975238156
2025-04-07,0.1671122904097705
2025-04-08,0.17069560129735808
2025-04-09,0.16974487819204193
2025-04-10,0.1638417148574394
2025-04-11,0.16611017466486644
2025-04-14,0.16606673767996213
2025-04-15,0.1537826943170008
2025-04-16,0.17303317291435427
2025-04-17,0.17358312051301317
2025-04-18,0.17252531154311923
2025-04-21,0.18240950148294194
2025-04-22,0.2017359838721502
2025-04-23,0.20875211897690849
2025-04-24,0.20415423190881954
2025-04-25,0.18209791858709473
2025-04-28,0.1561216191866202
2025-04-29,0.14099686578098594
2025-04-30,0.1355335294618068
2025-05-06,0.17563871724890323
2025-05-07,0.23817159430305798
2025-05-08,0.31385430943915194
2025-05-09,0.37953385816583396
2025-05-12,0.40614228138535663
2025-05-13,0.40853483072583047
2025-05-14,0.39495201114776957
2025-05-15,0.38400777112391776
2025-05-16,0.35500602344587495
2025-05-19,0.35436328980913967
2025-05-20,0.36007976318492624
2025-05-21,0.36116982687817634
2025-05-22,0.3514289209254714
2025-05-23,0.3574670089554793
2025-05-26,0.35115603512217436
2025-05-27,0.3364819224480016
2025-05-28,0.3234831200813996
2025-05-29,0.3200947938344248
2025-05-30,0.3092996577373638
2025-06-03,0.2800662650192584
2025-06-04,0.275857215201396
2025-06-05,0.29180373040678653
2025-06-06,0.29482838256174526
2025-06-09,0.322612449163355
2025-06-10,0.3285461194141748
2025-06-11,0.3287852671390259
2025-06-12,0.3321880098189108
2025-06-13,0.32488315218544783
2025-06-16,0.31060595679015357
2025-06-17,0.3108451937326565
2025-06-18,0.3158732316869014
2025-06-19,0.33764508983893216
2025-06-20,0.3837809025809126
2025-06-23,0.4026717676944695
2025-06-24,0.4400728725301597
2025-06-25,0.5017928179251656
2025-06-26,0.5047416850174101
2025-06-27,0.46037201304430064
2025-06-30,0.39934250287220535
2025-07-01,0.25924411158588984
2025-07-02,0.19328553267403908
2025-07-03,-0.03274668687421745
2025-07-04,-0.08558771088810659
2025-07-07,-0.08915377848018777
2025-07-08,-0.09038182989136144
2025-07-09,-0.08245987117896428
2025-07-10,-0.0826866918078478
2025-07-11,-0.08555418912335885
2025-07-14,-0.10689109702298163
2025-07-15,-0.12961698623164855
2025-07-16,-0.1810353271896968
2025-07-17,-0.2106138429629265
2025-07-18,-0.25828662846316264
2025-07-21,-0.21352445620487157
2025-07-22,-0.21002895227899854
2025-07-23,-0.2041256705863824
2025-07-24,-0.1826934101919467
2025-07-25,-0.14488930436076047
2025-07-28,-0.1564155869471855
2025-07-29,-0.14433867113353796
2025-07-30,-0.12096801388631907
2025-07-31,-0.15030632966350205
2025-08-01,-0.19253824403118872
2025-08-04,-0.25453868646712685
2025-08-05,-0.2570604257603903
2025-08-06,-0.26295291784890074
2025-08-07,-0.2717950868250287
2025-08-08,-0.2695974854303683
2025-08-11,-0.20895795189719313
2025-08-12,-0.17833893469556678
2025-08-13,-0.1494081268311667
2025-08-14,-0.11845975845787414
2025-08-15,-0.09277667703235336
2025-08-18,-0.08332675368023058
2025-08-19,-0.09864600627051681
2025-08-20,-0.09910911721381062
2025-08-21,-0.09868314311949944
2025-08-22,-0.09960601613580677
2025-08-25,-0.0920258608226372
2025-08-26,-0.058166384478202396
2025-08-27,-0.03420380695990442
2025-08-28,-0.008322818024604176
2025-08-29,0.0203650254766593
2025-09-01,0.04700524863101437
2025-09-02,0.05230063086031785
2025-09-03,0.058783056976683526
2025-09-04,0.06399833550666381
2025-09-05,0.0797822268332375
2025-09-08,0.13268477353675115
2025-09-09,0.15918574290227047
2025-09-10,0.17434397326662804
2025-09-11,0.17844554975093804
2025-09-12,0.1654395091774377
2025-09-15,0.148986687933257
2025-09-16,0.15454763802552288
2025-09-17,0.1421593654774647
2025-09-18,0.138078049157354
2025-09-19,0.12747721335690926
2025-09-22,0.12397335447760403
2025-09-23,0.11260045951855843
2025-09-24,0.09862488288920543
2025-09-25,0.06648642545730811
2025-09-26,0.04094389464986736
2025-09-29,-0.00290183895212512
2025-09-30,-0.025492902788186018
2025-10-09,-0.045306597438862006
2025-10-10,-0.042671227210746225
2025-10-13,-0.03766118345655979
2025-10-14,-0.05213235671039736
2025-10-15,-0.07621409699645584
2025-10-16,-0.045799391551170625
2025-10-17,-0.03083859528178697
2025-10-20,0.002649285362406223
2025-10-21,-0.0025092728130777166
2025-10-22,0.02808413496616379
2025-10-23,0.029345909001592726
2025-10-24,-0.007835331244129003
2025-10-27,-0.04723954778035308
2025-10-28,-0.049117835647987995
2025-10-29,-0.08130600423539529
2025-10-30,-0.07390669860480166
2025-10-31,-0.05990925287918081
2025-11-03,-0.04107715005640751
2025-11-04,-0.015931531950392867
2025-11-05,-0.04084437695470887
2025-11-06,-0.06401675024942989
2025-11-07,-0.10603503402266395
2025-11-10,-0.1308013195308776
2025-11-11,-0.16410135420941036
2025-11-12,-0.1631953695067217
2025-11-13,-0.16452011494205487
2025-11-14,-0.17893644244255444
2025-11-17,-0.19057428777546495
2025-11-18,-0.19340197499301434
2025-11-19,-0.20032389204236012
2025-11-20,-0.20656256506168547
2025-11-21,-0.23933008452931281
2025-11-24,-0.2598321654086317
2025-11-25,-0.2696219761231102
2025-11-26,-0.28547286894096624
2025-11-27,-0.2914146537361524
2025-11-28,-0.3140842118761572
2025-12-01,-0.36389015294617433
2025-12-02,-0.366155686576823
2025-12-03,-0.36316269089360753
2025-12-04,-0.37507853072335523
2025-12-05,-0.3825664840104637
2025-12-08,-0.37196433625549
2025-12-09,-0.3702708439192606
2025-12-10,-0.34604874663872504
2025-12-11,-0.32792074267854404
2025-12-12,-0.35501320825019234
2025-12-15,-0.43312733494218414
2025-12-16,-0.5025942077759207
2025-12-17,-0.47726271663519526
2025-12-18,-0.4457213297208003
2025-12-19,-0.46152163043064603
2025-12-22,-0.4609987343592885
2025-12-23,-0.4658921764618837
2025-12-24,-0.4686274481868171
2025-12-25,-0.4770311121545424
2025-12-26,-0.49514352260985006
2025-12-29,-0.527652373020114
2025-12-30,-0.5520398805815883
2025-12-31,-0.5863653543064256
2026-01-05,-0.5746092371156899
2026-01-06,-0.5702631175940311
2026-01-07,-0.5141219591441666
2026-01-08,-0.5491628104571228
2026-01-09,-0.5571886898828201
2026-01-12,-0.5609288378932095
2026-01-13,-0.5527796219774582
2026-01-14,-0.502607963224086
2026-01-15,-0.49597099287289126
2026-01-16,-0.46566870165415586
2026-01-19,-0.4291783299634841
2026-01-20,-0.3987132182256378
2026-01-21,-0.4086134441296652
2026-01-22,-0.39939382364533405
2026-01-23,-0.4197021937538127
2026-01-26,-0.4380999632309911
2026-01-27,-0.4389536125105837
2026-01-28,-0.43337508368904376
2026-01-29,-0.422633595301957
2026-01-30,-0.3709042248432683
2026-02-02,-0.358011928690409
2026-02-03,-0.34007625696740745
2026-02-04,-0.31451232280737773
2026-02-05,-0.3064220600975739
2026-02-06,-0.2968009725974487
2026-02-09,-0.27947016634693655
2026-02-10,-0.24062211189520577
2026-02-11,-0.2373483164680903
2026-02-12,-0.22739643514034028
2026-02-13,-0.20532841201468102
2026-02-24,-0.20490956173989663
2026-02-25,-0.21675918364662317
2026-02-26,-0.22791702318874618
2026-02-27,-0.2351349742099795
2026-03-02,-0.25638393385589087
2026-03-03,-0.2615107608821178
2026-03-04,-0.2663358300904521
2026-03-05,-0.2629947918568637
2026-03-06,-0.2679525683402215
2026-03-09,-0.2693210258473691
2026-03-10,-0.26814183671349057
2026-03-11,-0.27201238389065785
2026-03-12,-0.27306654157868454
2026-03-13,-0.28200289311125787
2026-03-16,-0.2984052637280534
2026-03-17,-0.296043418166447
2026-03-18,-0.26251505204934733
2026-03-19,-0.21642426712478277
2026-03-20,-0.18681310992861277
2026-03-23,-0.1671462499920385
2026-03-24,-0.16856931076262135
2026-03-25,-0.17439418697490255
2026-03-26,-0.1874102023984806
2026-03-27,-0.19636435215604864
2026-03-30,-0.21194929493455236
2026-03-31,-0.20441418674099388
2026-04-01,-0.1811531927395795
2026-04-02,-0.09082258068497771
2026-04-03,-0.03144981889900023
2026-04-07,0.07404112154107599
2026-04-08,0.13934730323397423
2026-04-09,0.17917265291881013
2026-04-10,0.1802084956952592
2026-04-13,0.30513693645702705
2026-04-14,0.36202914173807543
2026-04-15,0.41786881859371894
2026-04-16,0.4757687756467646
2026-04-17,
2026-04-20,
2026-04-21,
2026-04-22,
2026-04-23,
